支付者UIN,使用者UIN,操作者UIN,产品名称,子产品名称,计费模式,交易类型,订单ID,扣费时间,开始使用时间,结束使用时间,资源ID,实例名称,实例类型,配置描述,项目名称,国内国际,地域,可用区,原价(元),预留实例抵扣原价(元),节省计划抵扣金额,节省计划抵扣原价(元),折扣率,优惠后总价(元),优惠券支付(元),赠送金支付(元),分成金支付(元),现金支付(元),扩展字段1,扩展字段2,扩展字段3,扩展字段4,扩展字段5,产品编码,子产品编码,地域编码,可用区编码,账单月
"100048741014	","100048741014	","100048741014	","点播VOD","点播媒体处理","按量计费","按量计费日结","-	","2026-07-24 08:21:09","2026-07-23 00:00:00","2026-07-23 23:59:59","1430233363_aigc_image_gg31_1k_daily","","-","大模型图片处理: 5 张","默认项目","其他","其他地区（其他）","不分地域","0.50000000","0.00000000","0.00000000","0.00000000","1.00000000","0.50000000","0.00000000","0.00000000","0.00000000","0.50000000","","","","","","p_vod","sp_vod_clip","47","470004","2026-07	"
"100048741014	","100048741014	","100048741014	","点播VOD","点播媒体处理","按量计费","按量计费日结","-	","-","2026-07-23 00:00:00","2026-07-24 23:59:59","1430233363_aigc_image_gg3_daily","","-","大模型图片处理: 40 张","默认项目","其他","其他地区（其他）","不分地域","4.00000000","0.00000000","0.00000000","0.00000000","1.00000000","4.00000000","0.00000000","0.00000000","0.00000000","4.00000000","","","","","","p_vod","sp_vod_clip","47","470004","2026-07	"
"100048741014	","100048741014	","100048741014	","点播VOD","点播媒体处理","按量计费","按量计费日结","-	","-","2026-07-10 00:00:00","2026-07-23 23:59:59","1430233363_aigc_image_gg_daily","","-","大模型图片处理: 9 张","默认项目","其他","其他地区（其他）","不分地域","0.90000000","0.00000000","0.00000000","0.00000000","1.00000000","0.90000000","0.00000000","0.00000000","0.00000000","0.90000000","","","","","","p_vod","sp_vod_clip","47","470004","2026-07	"
"100048741014	","100048741014	","100048741014	","点播VOD","点播媒体处理","按量计费","按量计费日结","-	","-","2026-07-07 00:00:00","2026-07-25 23:59:59","1430233363_aigc_image_hy3_1k_daily","","-","大模型图片处理: 32 张","默认项目","其他","其他地区（其他）","不分地域","3.20000000","0.00000000","0.00000000","0.00000000","1.00000000","3.20000000","0.00000000","0.00000000","0.00000000","3.20000000","","","","","","p_vod","sp_vod_clip","47","470004","2026-07	"
"100048741014	","100048741014	","100048741014	","点播VOD","点播媒体处理","按量计费","按量计费日结","-	","2026-07-24 08:21:09","2026-07-23 00:00:00","2026-07-23 23:59:59","1430233363_aigc_image_kl2_t2i_1k2k_daily","","-","大模型图片处理: 1 张","默认项目","其他","其他地区（其他）","不分地域","0.10000000","0.00000000","0.00000000","0.00000000","1.00000000","0.10000000","0.00000000","0.00000000","0.00000000","0.10000000","","","","","","p_vod","sp_vod_clip","47","470004","2026-07	"
"100048741014	","100048741014	","100048741014	","点播VOD","点播媒体处理","按量计费","按量计费日结","-	","-","2026-07-20 00:00:00","2026-07-23 23:59:59","1430233363_aigc_image_kl3_1k2k_daily","","-","大模型图片处理: 6 张","默认项目","其他","其他地区（其他）","不分地域","0.60000000","0.00000000","0.00000000","0.00000000","1.00000000","0.60000000","0.00000000","0.00000000","0.00000000","0.60000000","","","","","","p_vod","sp_vod_clip","47","470004","2026-07	"
"100048741014	","100048741014	","100048741014	","点播VOD","点播媒体处理","按量计费","按量计费日结","-	","2026-07-24 08:21:09","2026-07-23 00:00:00","2026-07-23 23:59:59","1430233363_aigc_image_kl3o_1k2k_daily","","-","大模型图片处理: 2 张","默认项目","其他","其他地区（其他）","不分地域","0.20000000","0.00000000","0.00000000","0.00000000","1.00000000","0.20000000","0.00000000","0.00000000","0.00000000","0.20000000","","","","","","p_vod","sp_vod_clip","47","470004","2026-07	"
"100048741014	","100048741014	","100048741014	","点播VOD","点播媒体处理","按量计费","按量计费日结","-	","2026-07-24 08:21:09","2026-07-23 00:00:00","2026-07-23 23:59:59","1430233363_aigc_image_klo1_1k2k_daily","","-","大模型图片处理: 2 张","默认项目","其他","其他地区（其他）","不分地域","0.20000000","0.00000000","0.00000000","0.00000000","1.00000000","0.20000000","0.00000000","0.00000000","0.00000000","0.20000000","","","","","","p_vod","sp_vod_clip","47","470004","2026-07	"
"100048741014	","100048741014	","100048741014	","点播VOD","点播媒体处理","按量计费","按量计费日结","-	","-","2026-07-02 00:00:00","2026-07-23 23:59:59","1430233363_aigc_image_mjv7_1k_daily","","-","大模型图片处理: 24 张","默认项目","其他","其他地区（其他）","不分地域","2.40000000","0.00000000","0.00000000","0.00000000","1.00000000","2.40000000","0.00000000","0.00000000","0.00000000","2.40000000","","","","","","p_vod","sp_vod_clip","47","470004","2026-07	"
"100048741014	","100048741014	","100048741014	","点播VOD","点播媒体处理","按量计费","按量计费日结","-	","2026-07-25 08:19:02","2026-07-24 00:00:00","2026-07-24 23:59:59","1430233363_aigc_image_ogimage2_high_1k_daily","","-","大模型图片处理: 15.83000000 张","默认项目","其他","其他地区（其他）","不分地域","1.58300000","0.00000000","0.00000000","0.00000000","1.00000000","1.58300000","0.00000000","0.00000000","0.00000000","1.58300000","","","","","","p_vod","sp_vod_clip","47","470004","2026-07	"
"100048741014	","100048741014	","100048741014	","点播VOD","点播媒体处理","按量计费","按量计费日结","-	","-","2026-07-22 00:00:00","2026-07-25 23:59:59","1430233363_aigc_image_ogimage2_high_2k_daily","","-","大模型图片处理: 128.4 张","默认项目","其他","其他地区（其他）","不分地域","12.84000000","0.00000000","0.00000000","0.00000000","1.00000000","12.84000000","0.00000000","0.00000000","0.00000000","12.84000000","","","","","","p_vod","sp_vod_clip","47","470004","2026-07	"
"100048741014	","100048741014	","100048741014	","点播VOD","点播媒体处理","按量计费","按量计费日结","-	","-","2026-07-15 00:00:00","2026-07-25 23:59:59","1430233363_aigc_image_ogimage2_inputimage_daily","","-","大模型图片处理: 71 张","默认项目","其他","其他地区（其他）","不分地域","7.10000000","0.00000000","0.00000000","0.00000000","1.00000000","7.10000000","0.00000000","0.00000000","0.00000000","7.10000000","","","","","","p_vod","sp_vod_clip","47","470004","2026-07	"
"100048741014	","100048741014	","100048741014	","点播VOD","点播媒体处理","按量计费","按量计费日结","-	","-","2026-07-08 00:00:00","2026-07-24 23:59:59","1430233363_aigc_image_ogimage2_low_1k_daily","","-","大模型图片处理: 57.6 张","默认项目","其他","其他地区（其他）","不分地域","5.76000000","0.00000000","0.00000000","0.00000000","1.00000000","5.76000000","0.00000000","0.00000000","0.00000000","5.76000000","","","","","","p_vod","sp_vod_clip","47","470004","2026-07	"
"100048741014	","100048741014	","100048741014	","点播VOD","点播媒体处理","按量计费","按量计费日结","-	","2026-07-24 08:21:09","2026-07-23 00:00:00","2026-07-23 23:59:59","1430233363_aigc_image_ogimage2_low_2k_daily","","-","大模型图片处理: 0.90000000 张","默认项目","其他","其他地区（其他）","不分地域","0.09000000","0.00000000","0.00000000","0.00000000","1.00000000","0.09000000","0.00000000","0.00000000","0.00000000","0.09000000","","","","","","p_vod","sp_vod_clip","47","470004","2026-07	"
"100048741014	","100048741014	","100048741014	","点播VOD","点播媒体处理","按量计费","按量计费日结","-	","-","2026-07-15 00:00:00","2026-07-25 23:59:59","1430233363_aigc_image_ogimage2_medium_1k_daily","","-","大模型图片处理: 123.38 张","默认项目","其他","其他地区（其他）","不分地域","12.33800000","0.00000000","0.00000000","0.00000000","1.00000000","12.33800000","0.00000000","0.00000000","0.00000000","12.33800000","","","","","","p_vod","sp_vod_clip","47","470004","2026-07	"
"100048741014	","100048741014	","100048741014	","点播VOD","点播媒体处理","按量计费","按量计费日结","-	","-","2026-07-15 00:00:00","2026-07-25 23:59:59","1430233363_aigc_image_ogimage2_medium_2k_daily","","-","大模型图片处理: 417.56 张","默认项目","其他","其他地区（其他）","不分地域","41.75600000","0.00000000","0.00000000","0.00000000","1.00000000","41.75600000","0.00000000","0.00000000","0.00000000","41.75600000","","","","","","p_vod","sp_vod_clip","47","470004","2026-07	"
"100048741014	","100048741014	","100048741014	","点播VOD","点播媒体处理","按量计费","按量计费日结","-	","2026-07-24 08:21:09","2026-07-23 00:00:00","2026-07-23 23:59:59","1430233363_aigc_image_qw0905_daily","","-","大模型图片处理: 3 张","默认项目","其他","其他地区（其他）","不分地域","0.30000000","0.00000000","0.00000000","0.00000000","1.00000000","0.30000000","0.00000000","0.00000000","0.00000000","0.30000000","","","","","","p_vod","sp_vod_clip","47","470004","2026-07	"
"100048741014	","100048741014	","100048741014	","点播VOD","点播媒体处理","按量计费","按量计费日结","-	","-","2026-07-03 00:00:00","2026-07-23 23:59:59","1430233363_aigc_image_sd_2k_daily","","-","大模型图片处理: 6.6 张","默认项目","其他","其他地区（其他）","不分地域","0.66000000","0.00000000","0.00000000","0.00000000","1.00000000","0.66000000","0.00000000","0.00000000","0.00000000","0.66000000","","","","","","p_vod","sp_vod_clip","47","470004","2026-07	"
"100048741014	","100048741014	","100048741014	","点播VOD","点播媒体处理","按量计费","按量计费日结","-	","2026-07-24 08:21:09","2026-07-23 00:00:00","2026-07-23 23:59:59","1430233363_aigc_image_sd45_daily","","-","大模型图片处理: 2.50000000 张","默认项目","其他","其他地区（其他）","不分地域","0.25000000","0.00000000","0.00000000","0.00000000","1.00000000","0.25000000","0.00000000","0.00000000","0.00000000","0.25000000","","","","","","p_vod","sp_vod_clip","47","470004","2026-07	"
"100048741014	","100048741014	","100048741014	","点播VOD","点播媒体处理","按量计费","按量计费日结","-	","-","2026-07-13 00:00:00","2026-07-23 23:59:59","1430233363_aigc_image_si4_daily","","-","大模型图片处理: 6 张","默认项目","其他","其他地区（其他）","不分地域","0.60000000","0.00000000","0.00000000","0.00000000","1.00000000","0.60000000","0.00000000","0.00000000","0.00000000","0.60000000","","","","","","p_vod","sp_vod_clip","47","470004","2026-07	"
"100048741014	","100048741014	","100048741014	","点播VOD","点播媒体处理","按量计费","按量计费日结","-	","-","2026-07-23 00:00:00","2026-07-25 23:59:59","1430233363_aigc_image_si5l_daily","","-","大模型图片处理: 4.4 张","默认项目","其他","其他地区（其他）","不分地域","0.44000000","0.00000000","0.00000000","0.00000000","1.00000000","0.44000000","0.00000000","0.00000000","0.00000000","0.44000000","","","","","","p_vod","sp_vod_clip","47","470004","2026-07	"
"100048741014	","100048741014	","100048741014	","点播VOD","点播媒体处理","按量计费","按量计费日结","-	","2026-07-24 08:21:09","2026-07-23 00:00:00","2026-07-23 23:59:59","1430233363_aigc_image_viduq2_t2i_1080_daily","","-","大模型图片处理: 11.28000000 张","默认项目","其他","其他地区（其他）","不分地域","1.12800000","0.00000000","0.00000000","0.00000000","1.00000000","1.12800000","0.00000000","0.00000000","0.00000000","1.12800000","","","","","","p_vod","sp_vod_clip","47","470004","2026-07	"
"100048741014	","100048741014	","100048741014	","点播VOD","点播媒体处理","按量计费","按量计费日结","-	","-","2026-07-03 00:00:00","2026-07-22 23:59:59","1430233363_aigc_text_deepseekv4flash_cachedinput_daily","","-","大模型文本处理: 0.67582976 百万token","默认项目","其他","其他地区（其他）","不分地域","0.67582976","0.00000000","0.00000000","0.00000000","1.00000000","0.67582976","0.00000000","0.00000000","0.00000000","0.67582976","","","","","","p_vod","sp_vod_clip","47","470004","2026-07	"
"100048741014	","100048741014	","100048741014	","点播VOD","点播媒体处理","按量计费","按量计费日结","-	","-","2026-07-03 00:00:00","2026-07-24 23:59:59","1430233363_aigc_text_deepseekv4flash_input_daily","","-","大模型文本处理: 3.532511 百万token","默认项目","其他","其他地区（其他）","不分地域","3.53251100","0.00000000","0.00000000","0.00000000","1.00000000","3.53251100","0.00000000","0.00000000","0.00000000","3.53251100","","","","","","p_vod","sp_vod_clip","47","470004","2026-07	"
"100048741014	","100048741014	","100048741014	","点播VOD","点播媒体处理","按量计费","按量计费日结","-	","-","2026-07-03 00:00:00","2026-07-24 23:59:59","1430233363_aigc_text_deepseekv4flash_output_daily","","-","大模型文本处理: 0.302812 百万token","默认项目","其他","其他地区（其他）","不分地域","0.30281200","0.00000000","0.00000000","0.00000000","1.00000000","0.30281200","0.00000000","0.00000000","0.00000000","0.30281200","","","","","","p_vod","sp_vod_clip","47","470004","2026-07	"
"100048741014	","100048741014	","100048741014	","点播VOD","点播媒体处理","按量计费","按量计费日结","-	","-","2026-07-03 00:00:00","2026-07-06 23:59:59","1430233363_aigc_text_deepseekv4pro_cachedinput_daily","","-","大模型文本处理: 0.03540096 百万token","默认项目","其他","其他地区（其他）","不分地域","0.03540096","0.00000000","0.00000000","0.00000000","1.00000000","0.03540096","0.00000000","0.00000000","0.00000000","0.03540096","","","","","","p_vod","sp_vod_clip","47","470004","2026-07	"
"100048741014	","100048741014	","100048741014	","点播VOD","点播媒体处理","按量计费","按量计费日结","-	","-","2026-07-03 00:00:00","2026-07-06 23:59:59","1430233363_aigc_text_deepseekv4pro_input_daily","","-","大模型文本处理: 3.726078 百万token","默认项目","其他","其他地区（其他）","不分地域","3.72607800","0.00000000","0.00000000","0.00000000","1.00000000","3.72607800","0.00000000","0.00000000","0.00000000","3.72607800","","","","","","p_vod","sp_vod_clip","47","470004","2026-07	"
"100048741014	","100048741014	","100048741014	","点播VOD","点播媒体处理","按量计费","按量计费日结","-	","-","2026-07-03 00:00:00","2026-07-06 23:59:59","1430233363_aigc_text_deepseekv4pro_output_daily","","-","大模型文本处理: 0.061746 百万token","默认项目","其他","其他地区（其他）","不分地域","0.06174600","0.00000000","0.00000000","0.00000000","1.00000000","0.06174600","0.00000000","0.00000000","0.00000000","0.06174600","","","","","","p_vod","sp_vod_clip","47","470004","2026-07	"
"100048741014	","100048741014	","100048741014	","点播VOD","点播媒体处理","按量计费","按量计费日结","-	","2026-07-02 08:22:22","2026-07-01 00:00:00","2026-07-01 23:59:59","1430233363_aigc_text_gg25f_input_daily","","-","大模型文本处理: 0.00000450 百万token","默认项目","其他","其他地区（其他）","不分地域","0.00000450","0.00000000","0.00000000","0.00000000","1.00000000","0.00000450","0.00000000","0.00000000","0.00000000","0.00000450","","","","","","p_vod","sp_vod_clip","47","470004","2026-07	"
"100048741014	","100048741014	","100048741014	","点播VOD","点播媒体处理","按量计费","按量计费日结","-	","2026-07-02 08:22:22","2026-07-01 00:00:00","2026-07-01 23:59:59","1430233363_aigc_text_gg25f_output_daily","","-","大模型文本处理: 0.00001875 百万token","默认项目","其他","其他地区（其他）","不分地域","0.00001875","0.00000000","0.00000000","0.00000000","1.00000000","0.00001875","0.00000000","0.00000000","0.00000000","0.00001875","","","","","","p_vod","sp_vod_clip","47","470004","2026-07	"
"100048741014	","100048741014	","100048741014	","点播VOD","点播媒体处理","按量计费","按量计费日结","-	","2026-07-23 08:21:44","2026-07-22 00:00:00","2026-07-22 23:59:59","1430233363_aigc_text_gg31p_cachedinput_daily","","-","大模型文本处理: 0.09739650 百万token","默认项目","其他","其他地区（其他）","不分地域","0.09739650","0.00000000","0.00000000","0.00000000","1.00000000","0.09739650","0.00000000","0.00000000","0.00000000","0.09739650","","","","","","p_vod","sp_vod_clip","47","470004","2026-07	"
"100048741014	","100048741014	","100048741014	","点播VOD","点播媒体处理","按量计费","按量计费日结","-	","-","2026-07-22 00:00:00","2026-07-24 23:59:59","1430233363_aigc_text_gg31p_input_daily","","-","大模型文本处理: 7.939185 百万token","默认项目","其他","其他地区（其他）","不分地域","7.93918500","0.00000000","0.00000000","0.00000000","1.00000000","7.93918500","0.00000000","0.00000000","0.00000000","7.93918500","","","","","","p_vod","sp_vod_clip","47","470004","2026-07	"
"100048741014	","100048741014	","100048741014	","点播VOD","点播媒体处理","按量计费","按量计费日结","-	","-","2026-07-22 00:00:00","2026-07-24 23:59:59","1430233363_aigc_text_gg31p_output_daily","","-","大模型文本处理: 0.32913 百万token","默认项目","其他","其他地区（其他）","不分地域","0.32913000","0.00000000","0.00000000","0.00000000","1.00000000","0.32913000","0.00000000","0.00000000","0.00000000","0.32913000","","","","","","p_vod","sp_vod_clip","47","470004","2026-07	"
"100048741014	","100048741014	","100048741014	","点播VOD","点播媒体处理","按量计费","按量计费日结","-	","-","2026-07-01 00:00:00","2026-07-22 23:59:59","1430233363_aigc_text_gg35flash_cachedinput_daily","","-","大模型文本处理: 18.62556061 百万token","默认项目","其他","其他地区（其他）","不分地域","18.62556061","0.00000000","0.00000000","0.00000000","1.00000000","18.62556061","0.00000000","0.00000000","0.00000000","18.62556061","","","","","","p_vod","sp_vod_clip","47","470004","2026-07	"
"100048741014	","100048741014	","100048741014	","点播VOD","点播媒体处理","按量计费","按量计费日结","-	","-","2026-07-01 00:00:00","2026-07-22 23:59:59","1430233363_aigc_text_gg35flash_input_daily","","-","大模型文本处理: 77.74515 百万token","默认项目","其他","其他地区（其他）","不分地域","77.74515000","0.00000000","0.00000000","0.00000000","1.00000000","77.74515000","0.00000000","0.00000000","0.00000000","77.74515000","","","","","","p_vod","sp_vod_clip","47","470004","2026-07	"
"100048741014	","100048741014	","100048741014	","点播VOD","点播媒体处理","按量计费","按量计费日结","-	","-","2026-07-01 00:00:00","2026-07-22 23:59:59","1430233363_aigc_text_gg35flash_output_daily","","-","大模型文本处理: 14.616315 百万token","默认项目","其他","其他地区（其他）","不分地域","14.61631500","0.00000000","0.00000000","0.00000000","1.00000000","14.61631500","0.00000000","0.00000000","0.00000000","14.61631500","","","","","","p_vod","sp_vod_clip","47","470004","2026-07	"
"100048741014	","100048741014	","100048741014	","点播VOD","点播媒体处理","按量计费","按量计费日结","-	","2026-07-11 08:18:14","2026-07-10 00:00:00","2026-07-10 23:59:59","1430233363_aigc_text_glm5_32_input_daily","","-","大模型文本处理: 0.26862600 百万token","默认项目","其他","其他地区（其他）","不分地域","0.26862600","0.00000000","0.00000000","0.00000000","1.00000000","0.26862600","0.00000000","0.00000000","0.00000000","0.26862600","","","","","","p_vod","sp_vod_clip","47","470004","2026-07	"
"100048741014	","100048741014	","100048741014	","点播VOD","点播媒体处理","按量计费","按量计费日结","-	","2026-07-11 08:18:14","2026-07-10 00:00:00","2026-07-10 23:59:59","1430233363_aigc_text_glm5_32_output_daily","","-","大模型文本处理: 0.00138600 百万token","默认项目","其他","其他地区（其他）","不分地域","0.00138600","0.00000000","0.00000000","0.00000000","1.00000000","0.00138600","0.00000000","0.00000000","0.00000000","0.00138600","","","","","","p_vod","sp_vod_clip","47","470004","2026-07	"
"100048741014	","100048741014	","100048741014	","点播VOD","点播媒体处理","按量计费","按量计费日结","-	","-","2026-07-01 00:00:00","2026-07-03 23:59:59","1430233363_aigc_text_glm5_input_daily","","-","大模型文本处理: 0.062696 百万token","默认项目","其他","其他地区（其他）","不分地域","0.06269600","0.00000000","0.00000000","0.00000000","1.00000000","0.06269600","0.00000000","0.00000000","0.00000000","0.06269600","","","","","","p_vod","sp_vod_clip","47","470004","2026-07	"
"100048741014	","100048741014	","100048741014	","点播VOD","点播媒体处理","按量计费","按量计费日结","-	","-","2026-07-01 00:00:00","2026-07-03 23:59:59","1430233363_aigc_text_glm5_output_daily","","-","大模型文本处理: 0.013806 百万token","默认项目","其他","其他地区（其他）","不分地域","0.01380600","0.00000000","0.00000000","0.00000000","1.00000000","0.01380600","0.00000000","0.00000000","0.00000000","0.01380600","","","","","","p_vod","sp_vod_clip","47","470004","2026-07	"
"100048741014	","100048741014	","100048741014	","点播VOD","点播媒体处理","按量计费","按量计费日结","-	","-","2026-07-09 00:00:00","2026-07-23 23:59:59","1430233363_aigc_text_glm5t_32_cachedinput_daily","","-","大模型文本处理: 7.3389312 百万token","默认项目","其他","其他地区（其他）","不分地域","7.33893120","0.00000000","0.00000000","0.00000000","1.00000000","7.33893120","0.00000000","0.00000000","0.00000000","7.33893120","","","","","","p_vod","sp_vod_clip","47","470004","2026-07	"
"100048741014	","100048741014	","100048741014	","点播VOD","点播媒体处理","按量计费","按量计费日结","-	","-","2026-07-09 00:00:00","2026-07-23 23:59:59","1430233363_aigc_text_glm5t_32_input_daily","","-","大模型文本处理: 6.30735 百万token","默认项目","其他","其他地区（其他）","不分地域","6.30735000","0.00000000","0.00000000","0.00000000","1.00000000","6.30735000","0.00000000","0.00000000","0.00000000","6.30735000","","","","","","p_vod","sp_vod_clip","47","470004","2026-07	"
"100048741014	","100048741014	","100048741014	","点播VOD","点播媒体处理","按量计费","按量计费日结","-	","-","2026-07-09 00:00:00","2026-07-23 23:59:59","1430233363_aigc_text_glm5t_32_output_daily","","-","大模型文本处理: 1.115088 百万token","默认项目","其他","其他地区（其他）","不分地域","1.11508800","0.00000000","0.00000000","0.00000000","1.00000000","1.11508800","0.00000000","0.00000000","0.00000000","1.11508800","","","","","","p_vod","sp_vod_clip","47","470004","2026-07	"
"100048741014	","100048741014	","100048741014	","点播VOD","点播媒体处理","按量计费","按量计费日结","-	","-","2026-07-01 00:00:00","2026-07-22 23:59:59","1430233363_aigc_text_glm5t_cachedinput_daily","","-","大模型文本处理: 0.3760896 百万token","默认项目","其他","其他地区（其他）","不分地域","0.37608960","0.00000000","0.00000000","0.00000000","1.00000000","0.37608960","0.00000000","0.00000000","0.00000000","0.37608960","","","","","","p_vod","sp_vod_clip","47","470004","2026-07	"
"100048741014	","100048741014	","100048741014	","点播VOD","点播媒体处理","按量计费","按量计费日结","-	","-","2026-07-01 00:00:00","2026-07-22 23:59:59","1430233363_aigc_text_glm5t_input_daily","","-","大模型文本处理: 0.56958 百万token","默认项目","其他","其他地区（其他）","不分地域","0.56958000","0.00000000","0.00000000","0.00000000","1.00000000","0.56958000","0.00000000","0.00000000","0.00000000","0.56958000","","","","","","p_vod","sp_vod_clip","47","470004","2026-07	"
"100048741014	","100048741014	","100048741014	","点播VOD","点播媒体处理","按量计费","按量计费日结","-	","-","2026-07-01 00:00:00","2026-07-22 23:59:59","1430233363_aigc_text_glm5t_output_daily","","-","大模型文本处理: 0.649066 百万token","默认项目","其他","其他地区（其他）","不分地域","0.64906600","0.00000000","0.00000000","0.00000000","1.00000000","0.64906600","0.00000000","0.00000000","0.00000000","0.64906600","","","","","","p_vod","sp_vod_clip","47","470004","2026-07	"
"100048741014	","100048741014	","100048741014	","点播VOD","点播媒体处理","按量计费","按量计费日结","-	","-","2026-07-13 00:00:00","2026-07-15 23:59:59","1430233363_aigc_text_og51c_input_daily","","-","大模型文本处理: 0.88993449 百万token","默认项目","其他","其他地区（其他）","不分地域","0.88993449","0.00000000","0.00000000","0.00000000","1.00000000","0.88993449","0.00000000","0.00000000","0.00000000","0.88993449","","","","","","p_vod","sp_vod_clip","47","470004","2026-07	"
"100048741014	","100048741014	","100048741014	","点播VOD","点播媒体处理","按量计费","按量计费日结","-	","-","2026-07-13 00:00:00","2026-07-15 23:59:59","1430233363_aigc_text_og51c_output_daily","","-","大模型文本处理: 0.1776 百万token","默认项目","其他","其他地区（其他）","不分地域","0.17760000","0.00000000","0.00000000","0.00000000","1.00000000","0.17760000","0.00000000","0.00000000","0.00000000","0.17760000","","","","","","p_vod","sp_vod_clip","47","470004","2026-07	"
"100048741014	","100048741014	","100048741014	","点播VOD","点播媒体处理","按量计费","按量计费日结","-	","2026-07-14 08:19:13","2026-07-13 00:00:00","2026-07-13 23:59:59","1430233363_aigc_text_og51_input_daily","","-","大模型文本处理: 0.00012250 百万token","默认项目","其他","其他地区（其他）","不分地域","0.00012250","0.00000000","0.00000000","0.00000000","1.00000000","0.00012250","0.00000000","0.00000000","0.00000000","0.00012250","","","","","","p_vod","sp_vod_clip","47","470004","2026-07	"
"100048741014	","100048741014	","100048741014	","点播VOD","点播媒体处理","按量计费","按量计费日结","-	","2026-07-14 08:19:13","2026-07-13 00:00:00","2026-07-13 23:59:59","1430233363_aigc_text_og51_output_daily","","-","大模型文本处理: 0.00077000 百万token","默认项目","其他","其他地区（其他）","不分地域","0.00077000","0.00000000","0.00000000","0.00000000","1.00000000","0.00077000","0.00000000","0.00000000","0.00000000","0.00077000","","","","","","p_vod","sp_vod_clip","47","470004","2026-07	"
"100048741014	","100048741014	","100048741014	","点播VOD","点播媒体处理","按量计费","按量计费日结","-	","-","2026-07-03 00:00:00","2026-07-20 23:59:59","1430233363_aigc_text_og52_cachedinput_daily","","-","大模型文本处理: 19.35634432 百万token","默认项目","其他","其他地区（其他）","不分地域","19.35634432","0.00000000","0.00000000","0.00000000","1.00000000","19.35634432","0.00000000","0.00000000","0.00000000","19.35634432","","","","","","p_vod","sp_vod_clip","47","470004","2026-07	"
"100048741014	","100048741014	","100048741014	","点播VOD","点播媒体处理","按量计费","按量计费日结","-	","-","2026-07-03 00:00:00","2026-07-20 23:59:59","1430233363_aigc_text_og52_input_daily","","-","大模型文本处理: 27.39049775 百万token","默认项目","其他","其他地区（其他）","不分地域","27.39049775","0.00000000","0.00000000","0.00000000","1.00000000","27.39049775","0.00000000","0.00000000","0.00000000","27.39049775","","","","","","p_vod","sp_vod_clip","47","470004","2026-07	"
"100048741014	","100048741014	","100048741014	","点播VOD","点播媒体处理","按量计费","按量计费日结","-	","-","2026-07-03 00:00:00","2026-07-20 23:59:59","1430233363_aigc_text_og52_output_daily","","-","大模型文本处理: 11.510982 百万token","默认项目","其他","其他地区（其他）","不分地域","11.51098200","0.00000000","0.00000000","0.00000000","1.00000000","11.51098200","0.00000000","0.00000000","0.00000000","11.51098200","","","","","","p_vod","sp_vod_clip","47","470004","2026-07	"
"100048741014	","100048741014	","100048741014	","点播VOD","点播媒体处理","按量计费","按量计费日结","-	","2026-07-03 08:19:47","2026-07-02 00:00:00","2026-07-02 23:59:59","1430233363_aigc_text_og54_272_input_daily","","-","大模型文本处理: 19.69263750 百万token","默认项目","其他","其他地区（其他）","不分地域","19.69263750","0.00000000","0.00000000","0.00000000","1.00000000","19.69263750","0.00000000","0.00000000","0.00000000","19.69263750","","","","","","p_vod","sp_vod_clip","47","470004","2026-07	"
"100048741014	","100048741014	","100048741014	","点播VOD","点播媒体处理","按量计费","按量计费日结","-	","2026-07-03 08:19:47","2026-07-02 00:00:00","2026-07-02 23:59:59","1430233363_aigc_text_og54_272_output_daily","","-","大模型文本处理: 0.76275000 百万token","默认项目","其他","其他地区（其他）","不分地域","0.76275000","0.00000000","0.00000000","0.00000000","1.00000000","0.76275000","0.00000000","0.00000000","0.00000000","0.76275000","","","","","","p_vod","sp_vod_clip","47","470004","2026-07	"
"100048741014	","100048741014	","100048741014	","点播VOD","点播媒体处理","按量计费","按量计费日结","-	","-","2026-07-17 00:00:00","2026-07-21 23:59:59","1430233363_aigc_text_og54_cachedinput_daily","","-","大模型文本处理: 10.3390976 百万token","默认项目","其他","其他地区（其他）","不分地域","10.33909760","0.00000000","0.00000000","0.00000000","1.00000000","10.33909760","0.00000000","0.00000000","0.00000000","10.33909760","","","","","","p_vod","sp_vod_clip","47","470004","2026-07	"
"100048741014	","100048741014	","100048741014	","点播VOD","点播媒体处理","按量计费","按量计费日结","-	","-","2026-07-01 00:00:00","2026-07-21 23:59:59","1430233363_aigc_text_og54_input_daily","","-","大模型文本处理: 108.7398375 百万token","默认项目","其他","其他地区（其他）","不分地域","108.73983750","0.00000000","0.00000000","0.00000000","1.00000000","108.73983750","0.00000000","0.00000000","0.00000000","108.73983750","","","","","","p_vod","sp_vod_clip","47","470004","2026-07	"
"100048741014	","100048741014	","100048741014	","点播VOD","点播媒体处理","按量计费","按量计费日结","-	","-","2026-07-06 00:00:00","2026-07-25 23:59:59","1430233363_aigc_text_og54mini_cachedinput_daily","","-","大模型文本处理: 11.29483264 百万token","默认项目","其他","其他地区（其他）","不分地域","11.29483264","0.00000000","0.00000000","0.00000000","1.00000000","11.29483264","0.00000000","0.00000000","0.00000000","11.29483264","","","","","","p_vod","sp_vod_clip","47","470004","2026-07	"
"100048741014	","100048741014	","100048741014	","点播VOD","点播媒体处理","按量计费","按量计费日结","-	","-","2026-07-01 00:00:00","2026-07-25 23:59:59","1430233363_aigc_text_og54mini_input_daily","","-","大模型文本处理: 31.59373025 百万token","默认项目","其他","其他地区（其他）","不分地域","31.59373025","0.00000000","0.00000000","0.00000000","1.00000000","31.59373025","0.00000000","0.00000000","0.00000000","31.59373025","","","","","","p_vod","sp_vod_clip","47","470004","2026-07	"
"100048741014	","100048741014	","100048741014	","点播VOD","点播媒体处理","按量计费","按量计费日结","-	","-","2026-07-01 00:00:00","2026-07-25 23:59:59","1430233363_aigc_text_og54mini_output_daily","","-","大模型文本处理: 9.830295 百万token","默认项目","其他","其他地区（其他）","不分地域","9.83029500","0.00000000","0.00000000","0.00000000","1.00000000","9.83029500","0.00000000","0.00000000","0.00000000","9.83029500","","","","","","p_vod","sp_vod_clip","47","470004","2026-07	"
"100048741014	","100048741014	","100048741014	","点播VOD","点播媒体处理","按量计费","按量计费日结","-	","-","2026-07-01 00:00:00","2026-07-21 23:59:59","1430233363_aigc_text_og54_output_daily","","-","大模型文本处理: 7.7023125 百万token","默认项目","其他","其他地区（其他）","不分地域","7.70231250","0.00000000","0.00000000","0.00000000","1.00000000","7.70231250","0.00000000","0.00000000","0.00000000","7.70231250","","","","","","p_vod","sp_vod_clip","47","470004","2026-07	"
"100048741014	","100048741014	","100048741014	","点播VOD","点播媒体处理","按量计费","按量计费日结","-	","2026-07-17 08:18:07","2026-07-16 00:00:00","2026-07-16 23:59:59","1430233363_aigc_text_og54p_input_daily","","-","大模型文本处理: 0.00157500 百万token","默认项目","其他","其他地区（其他）","不分地域","0.00157500","0.00000000","0.00000000","0.00000000","1.00000000","0.00157500","0.00000000","0.00000000","0.00000000","0.00157500","","","","","","p_vod","sp_vod_clip","47","470004","2026-07	"
"100048741014	","100048741014	","100048741014	","点播VOD","点播媒体处理","按量计费","按量计费日结","-	","2026-07-17 08:18:07","2026-07-16 00:00:00","2026-07-16 23:59:59","1430233363_aigc_text_og54p_output_daily","","-","大模型文本处理: 0.00675000 百万token","默认项目","其他","其他地区（其他）","不分地域","0.00675000","0.00000000","0.00000000","0.00000000","1.00000000","0.00675000","0.00000000","0.00000000","0.00000000","0.00675000","","","","","","p_vod","sp_vod_clip","47","470004","2026-07	"
"100048741014	","100048741014	","100048741014	","点播VOD","点播媒体处理","按量计费","按量计费日结","-	","2026-07-14 08:19:13","2026-07-13 00:00:00","2026-07-13 23:59:59","1430233363_aigc_text_og55_272_cachedinput_daily","","-","大模型文本处理: 13.75488000 百万token","默认项目","其他","其他地区（其他）","不分地域","13.75488000","0.00000000","0.00000000","0.00000000","1.00000000","13.75488000","0.00000000","0.00000000","0.00000000","13.75488000","","","","","","p_vod","sp_vod_clip","47","470004","2026-07	"
"100048741014	","100048741014	","100048741014	","点播VOD","点播媒体处理","按量计费","按量计费日结","-	","2026-07-14 08:19:13","2026-07-13 00:00:00","2026-07-13 23:59:59","1430233363_aigc_text_og55_272_input_daily","","-","大模型文本处理: 45.52942500 百万token","默认项目","其他","其他地区（其他）","不分地域","45.52942500","0.00000000","0.00000000","0.00000000","1.00000000","45.52942500","0.00000000","0.00000000","0.00000000","45.52942500","","","","","","p_vod","sp_vod_clip","47","470004","2026-07	"
"100048741014	","100048741014	","100048741014	","点播VOD","点播媒体处理","按量计费","按量计费日结","-	","2026-07-14 08:19:13","2026-07-13 00:00:00","2026-07-13 23:59:59","1430233363_aigc_text_og55_272_output_daily","","-","大模型文本处理: 6.56066250 百万token","默认项目","其他","其他地区（其他）","不分地域","6.56066250","0.00000000","0.00000000","0.00000000","1.00000000","6.56066250","0.00000000","0.00000000","0.00000000","6.56066250","","","","","","p_vod","sp_vod_clip","47","470004","2026-07	"
"100048741014	","100048741014	","100048741014	","点播VOD","点播媒体处理","按量计费","按量计费日结","-	","-","2026-07-10 00:00:00","2026-07-22 23:59:59","1430233363_aigc_text_og55_cachedinput_daily","","-","大模型文本处理: 7.86192 百万token","默认项目","其他","其他地区（其他）","不分地域","7.86192000","0.00000000","0.00000000","0.00000000","1.00000000","7.86192000","0.00000000","0.00000000","0.00000000","7.86192000","","","","","","p_vod","sp_vod_clip","47","470004","2026-07	"
"100048741014	","100048741014	","100048741014	","点播VOD","点播媒体处理","按量计费","按量计费日结","-	","-","2026-07-01 00:00:00","2026-07-22 23:59:59","1430233363_aigc_text_og55_input_daily","","-","大模型文本处理: 268.8196875 百万token","默认项目","其他","其他地区（其他）","不分地域","268.81968750","0.00000000","0.00000000","0.00000000","1.00000000","268.81968750","0.00000000","0.00000000","0.00000000","268.81968750","","","","","","p_vod","sp_vod_clip","47","470004","2026-07	"
"100048741014	","100048741014	","100048741014	","点播VOD","点播媒体处理","按量计费","按量计费日结","-	","-","2026-07-01 00:00:00","2026-07-22 23:59:59","1430233363_aigc_text_og55_output_daily","","-","大模型文本处理: 14.796 百万token","默认项目","其他","其他地区（其他）","不分地域","14.79600000","0.00000000","0.00000000","0.00000000","1.00000000","14.79600000","0.00000000","0.00000000","0.00000000","14.79600000","","","","","","p_vod","sp_vod_clip","47","470004","2026-07	"
"100048741014	","100048741014	","100048741014	","点播VOD","点播媒体处理","按量计费","按量计费日结","-	","-","2026-07-03 00:00:00","2026-07-16 23:59:59","1430233363_aigc_text_og5n_input_daily","","-","大模型文本处理: 0.00183742 百万token","默认项目","其他","其他地区（其他）","不分地域","0.00183742","0.00000000","0.00000000","0.00000000","1.00000000","0.00183742","0.00000000","0.00000000","0.00000000","0.00183742","","","","","","p_vod","sp_vod_clip","47","470004","2026-07	"
"100048741014	","100048741014	","100048741014	","点播VOD","点播媒体处理","按量计费","按量计费日结","-	","-","2026-07-03 00:00:00","2026-07-16 23:59:59","1430233363_aigc_text_og5n_output_daily","","-","大模型文本处理: 0.016308 百万token","默认项目","其他","其他地区（其他）","不分地域","0.01630800","0.00000000","0.00000000","0.00000000","1.00000000","0.01630800","0.00000000","0.00000000","0.00000000","0.01630800","","","","","","p_vod","sp_vod_clip","47","470004","2026-07	"
"100048741014	","100048741014	","100048741014	","点播VOD","点播媒体处理","按量计费","按量计费日结","-	","2026-07-08 08:20:48","2026-07-07 00:00:00","2026-07-07 23:59:59","1430233363_aigc_video_gv31_720_daily","","-","大模型视频处理: 1 秒","默认项目","其他","其他地区（其他）","不分地域","6.00000000","0.00000000","0.00000000","0.00000000","1.00000000","6.00000000","0.00000000","0.00000000","0.00000000","6.00000000","","","","","","p_vod","sp_vod_clip","47","470004","2026-07	"
"100048741014	","100048741014	","100048741014	","点播VOD","点播媒体处理","按量计费","按量计费日结","-	","2026-07-14 08:19:13","2026-07-13 00:00:00","2026-07-13 23:59:59","1430233363_aigc_video_hlf_768_daily","","-","大模型视频处理: 1 秒","默认项目","其他","其他地区（其他）","不分地域","3.37500000","0.00000000","0.00000000","0.00000000","1.00000000","3.37500000","0.00000000","0.00000000","0.00000000","3.37500000","","","","","","p_vod","sp_vod_clip","47","470004","2026-07	"
"100048741014	","100048741014	","100048741014	","点播VOD","点播媒体处理","按量计费","按量计费日结","-	","2026-07-09 08:22:13","2026-07-08 00:00:00","2026-07-08 23:59:59","1430233363_aigc_video_kl3o_720_daily","","-","大模型视频处理: 1 秒","默认项目","其他","其他地区（其他）","不分地域","3.00000000","0.00000000","0.00000000","0.00000000","1.00000000","3.00000000","0.00000000","0.00000000","0.00000000","3.00000000","","","","","","p_vod","sp_vod_clip","47","470004","2026-07	"
"100048741014	","100048741014	","100048741014	","点播VOD","点播媒体处理","按量计费","按量计费日结","-	","2026-07-18 08:23:24","2026-07-17 00:00:00","2026-07-17 23:59:59","1430233363_aigc_video_os_720_daily","","-","大模型视频处理: 1 秒","默认项目","其他","其他地区（其他）","不分地域","3.00000000","0.00000000","0.00000000","0.00000000","1.00000000","3.00000000","0.00000000","0.00000000","0.00000000","3.00000000","","","","","","p_vod","sp_vod_clip","47","470004","2026-07	"
"100048741014	","100048741014	","100048741014	","点播VOD","点播媒体处理","按量计费","按量计费日结","-	","2026-07-11 08:18:14","2026-07-10 00:00:00","2026-07-10 23:59:59","1430233363_aigc_video_viduq3t_720_daily","","-","大模型视频处理: 1 秒","默认项目","其他","其他地区（其他）","不分地域","1.50000000","0.00000000","0.00000000","0.00000000","1.00000000","1.50000000","0.00000000","0.00000000","0.00000000","1.50000000","","","","","","p_vod","sp_vod_clip","47","470004","2026-07	"
