支付者UIN,使用者UIN,操作者UIN,产品名称,子产品名称,计费模式,交易类型,订单ID,交易ID,关联单据ID,扣费时间,开始使用时间,结束使用时间,资源ID,实例名称,实例类型,配置属性,项目名称,国内国际,地域,可用区,组件类型,组件名称,价格属性,刊例价,优惠后单价,价格单位,用量,用量单位,使用时长,时长单位,原始用量/时长,抵扣用量/时长(含资源包),原价(元),预留实例抵扣原价(元),预留实例抵扣时长,节省计划抵扣金额,节省计划抵扣率,节省计划抵扣原价(元),折扣率,混合折扣率,优惠后总价(元),优惠券支付(元),赠送金支付(元),分成金支付(元),现金支付(元),备注属性,计算规则说明,计费规则,产品编码,子产品编码,组件类型编码,组件编码,账单记录ID,地域编码,可用区编码,优惠对象,优惠类型,优惠内容,账单月
"100048741014	","100048741014	","100048741014	","TokenHub","第三方大模型_后付费","按量计费","按量计费小时结","-	","20260806014122497262652	","","2026-08-06 22:09:30","2026-08-06 19:00:00","2026-08-06 19:59:59","kimi-k3","","-","apiKeyId:ak-20260629-132d9a7452713190701047fcf51cf2e8","默认项目","国内","华南地区（广州）","广州一区","Kimi K3","Kimi K3 Input","-","0.02000000","0.02000000","元/1000token/小时","518.61000000","1000token","1.00000000","小时","-","-","10.37220000","0.00000000","0.00000000","0.00000000","0.00000000","0.00000000","1.00000000","1.00000000","10.37220000","0.00000000","0.00000000","0.00000000","10.37220000","serialId: 8254d2055c97fb0e75adf1bdec4d3452;","-","","p_lmp","sp_lmp_tplm_postpay","v_lmp_tplm_postpay_kimi_k3","sv_lmp_tplm_postpay_kimi_k3_input","2085369279444430854","1","100001","","","","2026-08	"
"100048741014	","100048741014	","100048741014	","TokenHub","第三方大模型_后付费","按量计费","按量计费小时结","-	","20260806014122067531742	","","2026-08-06 16:09:23","2026-08-06 13:00:00","2026-08-06 13:59:59","kimi-k3","","-","apiKeyId:ak-20260629-132d9a7452713190701047fcf51cf2e8","默认项目","国内","华南地区（广州）","广州一区","Kimi K3","Kimi K3 Output","-","0.10000000","0.10000000","元/1000token/小时","0.38000000","1000token","1.00000000","小时","-","-","0.03800000","0.00000000","0.00000000","0.00000000","0.00000000","0.00000000","1.00000000","1.00000000","0.03800000","0.00000000","0.00000000","0.00000000","0.03800000","serialId: 233ee7a34b327ee0832df3ba91261834;","-","","p_lmp","sp_lmp_tplm_postpay","v_lmp_tplm_postpay_kimi_k3","sv_lmp_tplm_postpay_kimi_k3_output","2085278675473022980","1","100001","","","","2026-08	"
"100048741014	","100048741014	","100048741014	","TokenHub","第三方大模型_后付费","按量计费","按量计费小时结","-	","20260806014122067531742	","","2026-08-06 16:09:23","2026-08-06 13:00:00","2026-08-06 13:59:59","kimi-k3","","-","apiKeyId:ak-20260629-132d9a7452713190701047fcf51cf2e8","默认项目","国内","华南地区（广州）","广州一区","Kimi K3","Kimi K3 Input","-","0.02000000","0.02000000","元/1000token/小时","2.03600000","1000token","1.00000000","小时","-","-","0.04072000","0.00000000","0.00000000","0.00000000","0.00000000","0.00000000","1.00000000","1.00000000","0.04072000","0.00000000","0.00000000","0.00000000","0.04072000","serialId: 8254d2055c97fb0e75adf1bdec4d3452;","-","","p_lmp","sp_lmp_tplm_postpay","v_lmp_tplm_postpay_kimi_k3","sv_lmp_tplm_postpay_kimi_k3_input","2085278675473022979","1","100001","","","","2026-08	"
"100048741014	","100048741014	","100048741014	","TokenHub","第三方大模型_后付费","按量计费","按量计费小时结","-	","20260806014122067531742	","","2026-08-06 16:09:23","2026-08-06 13:00:00","2026-08-06 13:59:59","kimi-k3","","-","apiKeyId:ak-20260629-132d9a7452713190701047fcf51cf2e8","默认项目","国内","华南地区（广州）","广州一区","Kimi K3","Kimi K3 Cache","-","0.00200000","0.00200000","元/1000token/小时","990.46400000","1000token","1.00000000","小时","-","-","1.98092800","0.00000000","0.00000000","0.00000000","0.00000000","0.00000000","1.00000000","1.00000000","1.98092800","0.00000000","0.00000000","0.00000000","1.98092800","serialId: 893ca27ea9825066d991e332a28a7137;","-","","p_lmp","sp_lmp_tplm_postpay","v_lmp_tplm_postpay_kimi_k3","sv_lmp_tplm_postpay_kimi_k3_cache","2085278675473022978","1","100001","","","","2026-08	"
"100048741014	","100048741014	","100048741014	","TokenHub","第三方大模型_后付费","按量计费","按量计费小时结","-	","20260806014122497262652	","","2026-08-06 22:09:30","2026-08-06 19:00:00","2026-08-06 19:59:59","kimi-k3","","-","apiKeyId:ak-20260629-132d9a7452713190701047fcf51cf2e8","默认项目","国内","华南地区（广州）","广州一区","Kimi K3","Kimi K3 Output","-","0.10000000","0.10000000","元/1000token/小时","1.04800000","1000token","1.00000000","小时","-","-","0.10480000","0.00000000","0.00000000","0.00000000","0.00000000","0.00000000","1.00000000","1.00000000","0.10480000","0.00000000","0.00000000","0.00000000","0.10480000","serialId: 233ee7a34b327ee0832df3ba91261834;","-","","p_lmp","sp_lmp_tplm_postpay","v_lmp_tplm_postpay_kimi_k3","sv_lmp_tplm_postpay_kimi_k3_output","2085369279444430855","1","100001","","","","2026-08	"
"100048741014	","100048741014	","100048741014	","TokenHub","第三方大模型_后付费","按量计费","按量计费小时结","-	","20260807014123893419722	","","2026-08-07 17:15:37","2026-08-07 14:00:00","2026-08-07 14:59:59","kimi-k3","","-","apiKeyId:ak-20260629-132d9a7452713190701047fcf51cf2e8","默认项目","国内","华南地区（广州）","广州一区","Kimi K3","Kimi K3 Input","-","0.02000000","0.02000000","元/1000token/小时","0.01400000","1000token","1.00000000","小时","-","-","0.00028000","0.00000000","0.00000000","0.00000000","0.00000000","0.00000000","1.00000000","1.00000000","0.00028000","0.00000000","0.00000000","0.00000000","0.00028000","serialId: 8254d2055c97fb0e75adf1bdec4d3452;","-","","p_lmp","sp_lmp_tplm_postpay","v_lmp_tplm_postpay_kimi_k3","sv_lmp_tplm_postpay_kimi_k3_input","2085657683071090693","1","100001","","","","2026-08	"
"100048741014	","100048741014	","100048741014	","TokenHub","第三方大模型_后付费","按量计费","按量计费小时结","-	","20260806014121993953812	","","2026-08-06 15:03:40","2026-08-06 12:00:00","2026-08-06 12:59:59","kimi-k3","","-","apiKeyId:ak-20260629-132d9a7452713190701047fcf51cf2e8","默认项目","国内","华南地区（广州）","广州一区","Kimi K3","Kimi K3 Input","-","0.02000000","0.02000000","元/1000token/小时","1193.54900000","1000token","1.00000000","小时","-","-","23.87098000","0.00000000","0.00000000","0.00000000","0.00000000","0.00000000","1.00000000","1.00000000","23.87098000","0.00000000","0.00000000","0.00000000","23.87098000","serialId: 8254d2055c97fb0e75adf1bdec4d3452;","-","","p_lmp","sp_lmp_tplm_postpay","v_lmp_tplm_postpay_kimi_k3","sv_lmp_tplm_postpay_kimi_k3_input","2085262107108196358","1","100001","","","","2026-08	"
"100048741014	","100048741014	","100048741014	","TokenHub","第三方大模型_后付费","按量计费","按量计费小时结","-	","20260806014122139808132	","","2026-08-06 17:09:28","2026-08-06 14:00:00","2026-08-06 14:59:59","kimi-k3","","-","apiKeyId:ak-20260629-132d9a7452713190701047fcf51cf2e8","默认项目","国内","华南地区（广州）","广州一区","Kimi K3","Kimi K3 Cache","-","0.00200000","0.00200000","元/1000token/小时","0.18000000","1000token","1.00000000","小时","-","-","0.00036000","0.00000000","0.00000000","0.00000000","0.00000000","0.00000000","1.00000000","1.00000000","0.00036000","0.00000000","0.00000000","0.00000000","0.00036000","serialId: 893ca27ea9825066d991e332a28a7137;","-","","p_lmp","sp_lmp_tplm_postpay","v_lmp_tplm_postpay_kimi_k3","sv_lmp_tplm_postpay_kimi_k3_cache","2085293790453047299","1","100001","","","","2026-08	"
"100048741014	","100048741014	","100048741014	","TokenHub","第三方大模型_后付费","按量计费","按量计费小时结","-	","20260806014121993953812	","","2026-08-06 15:03:40","2026-08-06 12:00:00","2026-08-06 12:59:59","kimi-k3","","-","apiKeyId:ak-20260629-132d9a7452713190701047fcf51cf2e8","默认项目","国内","华南地区（广州）","广州一区","Kimi K3","Kimi K3 Output","-","0.10000000","0.10000000","元/1000token/小时","4.81700000","1000token","1.00000000","小时","-","-","0.48170000","0.00000000","0.00000000","0.00000000","0.00000000","0.00000000","1.00000000","1.00000000","0.48170000","0.00000000","0.00000000","0.00000000","0.48170000","serialId: 233ee7a34b327ee0832df3ba91261834;","-","","p_lmp","sp_lmp_tplm_postpay","v_lmp_tplm_postpay_kimi_k3","sv_lmp_tplm_postpay_kimi_k3_output","2085262107108196359","1","100001","","","","2026-08	"
"100048741014	","100048741014	","100048741014	","TokenHub","第三方大模型_后付费","按量计费","按量计费小时结","-	","20260806014122143506962	","","2026-08-06 17:15:51","2026-08-06 14:00:00","2026-08-06 14:59:59","kimi-k3","","-","apiKeyId:ak-20260629-132d9a7452713190701047fcf51cf2e8","默认项目","国内","华南地区（广州）","广州一区","Kimi K3","Kimi K3 Input","-","0.02000000","0.02000000","元/1000token/小时","499.45500000","1000token","1.00000000","小时","-","-","9.98910000","0.00000000","0.00000000","0.00000000","0.00000000","0.00000000","1.00000000","1.00000000","9.98910000","0.00000000","0.00000000","0.00000000","9.98910000","serialId: 8254d2055c97fb0e75adf1bdec4d3452;","-","","p_lmp","sp_lmp_tplm_postpay","v_lmp_tplm_postpay_kimi_k3","sv_lmp_tplm_postpay_kimi_k3_input","2085295346233655300","1","100001","","","","2026-08	"
"100048741014	","100048741014	","100048741014	","TokenHub","第三方大模型_后付费","按量计费","按量计费小时结","-	","20260806014121993953812	","","2026-08-06 15:03:40","2026-08-06 12:00:00","2026-08-06 12:59:59","kimi-k3","","-","apiKeyId:ak-20260629-132d9a7452713190701047fcf51cf2e8","默认项目","国内","华南地区（广州）","广州一区","Kimi K3","Kimi K3 Cache","-","0.00200000","0.00200000","元/1000token/小时","1973.98000000","1000token","1.00000000","小时","-","-","3.94796000","0.00000000","0.00000000","0.00000000","0.00000000","0.00000000","1.00000000","1.00000000","3.94796000","0.00000000","0.00000000","0.00000000","3.94796000","serialId: 893ca27ea9825066d991e332a28a7137;","-","","p_lmp","sp_lmp_tplm_postpay","v_lmp_tplm_postpay_kimi_k3","sv_lmp_tplm_postpay_kimi_k3_cache","2085262107108196357","1","100001","","","","2026-08	"
"100048741014	","100048741014	","100048741014	","TokenHub","第三方大模型_后付费","按量计费","按量计费小时结","-	","20260806014122283056492	","","2026-08-06 19:09:35","2026-08-06 16:00:00","2026-08-06 16:59:59","kimi-k3","","-","apiKeyId:ak-20260629-132d9a7452713190701047fcf51cf2e8","默认项目","国内","华南地区（广州）","广州一区","Kimi K3","Kimi K3 Output","-","0.10000000","0.10000000","元/1000token/小时","1.45500000","1000token","1.00000000","小时","-","-","0.14550000","0.00000000","0.00000000","0.00000000","0.00000000","0.00000000","1.00000000","1.00000000","0.14550000","0.00000000","0.00000000","0.00000000","0.14550000","serialId: 233ee7a34b327ee0832df3ba91261834;","-","","p_lmp","sp_lmp_tplm_postpay","v_lmp_tplm_postpay_kimi_k3","sv_lmp_tplm_postpay_kimi_k3_output","2085323972111384583","1","100001","","","","2026-08	"
"100048741014	","100048741014	","100048741014	","TokenHub","第三方大模型_后付费","按量计费","按量计费小时结","-	","20260806014122283056492	","","2026-08-06 19:09:35","2026-08-06 16:00:00","2026-08-06 16:59:59","kimi-k3","","-","apiKeyId:ak-20260629-132d9a7452713190701047fcf51cf2e8","默认项目","国内","华南地区（广州）","广州一区","Kimi K3","Kimi K3 Input","-","0.02000000","0.02000000","元/1000token/小时","897.45600000","1000token","1.00000000","小时","-","-","17.94912000","0.00000000","0.00000000","0.00000000","0.00000000","0.00000000","1.00000000","1.00000000","17.94912000","0.00000000","0.00000000","0.00000000","17.94912000","serialId: 8254d2055c97fb0e75adf1bdec4d3452;","-","","p_lmp","sp_lmp_tplm_postpay","v_lmp_tplm_postpay_kimi_k3","sv_lmp_tplm_postpay_kimi_k3_input","2085323972111384582","1","100001","","","","2026-08	"
"100048741014	","100048741014	","100048741014	","TokenHub","第三方大模型_后付费","按量计费","按量计费小时结","-	","20260806014122283056492	","","2026-08-06 19:09:35","2026-08-06 16:00:00","2026-08-06 16:59:59","kimi-k3","","-","apiKeyId:ak-20260629-132d9a7452713190701047fcf51cf2e8","默认项目","国内","华南地区（广州）","广州一区","Kimi K3","Kimi K3 Cache","-","0.00200000","0.00200000","元/1000token/小时","1541.12000000","1000token","1.00000000","小时","-","-","3.08224000","0.00000000","0.00000000","0.00000000","0.00000000","0.00000000","1.00000000","1.00000000","3.08224000","0.00000000","0.00000000","0.00000000","3.08224000","serialId: 893ca27ea9825066d991e332a28a7137;","-","","p_lmp","sp_lmp_tplm_postpay","v_lmp_tplm_postpay_kimi_k3","sv_lmp_tplm_postpay_kimi_k3_cache","2085323972111384581","1","100001","","","","2026-08	"
"100048741014	","100048741014	","100048741014	","TokenHub","第三方大模型_后付费","按量计费","按量计费小时结","-	","20260806014122497262652	","","2026-08-06 22:09:30","2026-08-06 19:00:00","2026-08-06 19:59:59","kimi-k3","","-","apiKeyId:ak-20260629-132d9a7452713190701047fcf51cf2e8","默认项目","国内","华南地区（广州）","广州一区","Kimi K3","Kimi K3 Cache","-","0.00200000","0.00200000","元/1000token/小时","1033.72800000","1000token","1.00000000","小时","-","-","2.06745600","0.00000000","0.00000000","0.00000000","0.00000000","0.00000000","1.00000000","1.00000000","2.06745600","0.00000000","0.00000000","0.00000000","2.06745600","serialId: 893ca27ea9825066d991e332a28a7137;","-","","p_lmp","sp_lmp_tplm_postpay","v_lmp_tplm_postpay_kimi_k3","sv_lmp_tplm_postpay_kimi_k3_cache","2085369279444430853","1","100001","","","","2026-08	"
"100048741014	","100048741014	","100048741014	","TokenHub","第三方大模型_后付费","按量计费","按量计费小时结","-	","20260806014122139808132	","","2026-08-06 17:09:28","2026-08-06 14:00:00","2026-08-06 14:59:59","kimi-k3","","-","apiKeyId:ak-20260629-132d9a7452713190701047fcf51cf2e8","默认项目","国内","华南地区（广州）","广州一区","Kimi K3","Kimi K3 Output","-","0.10000000","0.10000000","元/1000token/小时","0.58000000","1000token","1.00000000","小时","-","-","0.05800000","0.00000000","0.00000000","0.00000000","0.00000000","0.00000000","1.00000000","1.00000000","0.05800000","0.00000000","0.00000000","0.00000000","0.05800000","serialId: 233ee7a34b327ee0832df3ba91261834;","-","","p_lmp","sp_lmp_tplm_postpay","v_lmp_tplm_postpay_kimi_k3","sv_lmp_tplm_postpay_kimi_k3_output","2085293790453047300","1","100001","","","","2026-08	"
"100048741014	","100048741014	","100048741014	","TokenHub","第三方大模型_后付费","按量计费","按量计费小时结","-	","20260824014154012654012	","","2026-08-24 21:09:27","2026-08-24 18:00:00","2026-08-24 18:59:59","kimi-k3","","-","apiKeyId:ak-20260629-132d9a7452713190701047fcf51cf2e8","默认项目","国内","华南地区（广州）","广州一区","Kimi K3","Kimi K3 Cache","-","0.00200000","0.00200000","元/1000token/小时","3803.85600000","1000token","1.00000000","小时","-","-","7.60771200","0.00000000","0.00000000","0.00000000","0.00000000","0.00000000","1.00000000","1.00000000","7.60771200","0.00000000","0.00000000","0.00000000","7.60771200","serialId: 893ca27ea9825066d991e332a28a7137;","-","","p_lmp","sp_lmp_tplm_postpay","v_lmp_tplm_postpay_kimi_k3","sv_lmp_tplm_postpay_kimi_k3_cache","2091877027757039618","1","100001","","","","2026-08	"
"100048741014	","100048741014	","100048741014	","TokenHub","第三方大模型_后付费","按量计费","按量计费小时结","-	","20260824014153887636552	","","2026-08-24 19:23:11","2026-08-24 16:00:00","2026-08-24 16:59:59","kimi-k3","","-","apiKeyId:ak-20260629-132d9a7452713190701047fcf51cf2e8","默认项目","国内","华南地区（广州）","广州一区","Kimi K3","Kimi K3 Output","-","0.10000000","0.10000000","元/1000token/小时","1.20200000","1000token","1.00000000","小时","-","-","0.12020000","0.00000000","0.00000000","0.00000000","0.00000000","0.00000000","1.00000000","1.00000000","0.12020000","0.00000000","0.00000000","0.00000000","0.12020000","serialId: 233ee7a34b327ee0832df3ba91261834;","-","","p_lmp","sp_lmp_tplm_postpay","v_lmp_tplm_postpay_kimi_k3","sv_lmp_tplm_postpay_kimi_k3_output","2091850665361555460","1","100001","","","","2026-08	"
"100048741014	","100048741014	","100048741014	","TokenHub","第三方大模型_后付费","按量计费","按量计费小时结","-	","20260824014153887636552	","","2026-08-24 19:23:11","2026-08-24 16:00:00","2026-08-24 16:59:59","kimi-k3","","-","apiKeyId:ak-20260629-132d9a7452713190701047fcf51cf2e8","默认项目","国内","华南地区（广州）","广州一区","Kimi K3","Kimi K3 Input","-","0.02000000","0.02000000","元/1000token/小时","0.10900000","1000token","1.00000000","小时","-","-","0.00218000","0.00000000","0.00000000","0.00000000","0.00000000","0.00000000","1.00000000","1.00000000","0.00218000","0.00000000","0.00000000","0.00000000","0.00218000","serialId: 8254d2055c97fb0e75adf1bdec4d3452;","-","","p_lmp","sp_lmp_tplm_postpay","v_lmp_tplm_postpay_kimi_k3","sv_lmp_tplm_postpay_kimi_k3_input","2091850665361555459","1","100001","","","","2026-08	"
"100048741014	","100048741014	","100048741014	","TokenHub","第三方大模型_后付费","按量计费","按量计费小时结","-	","20260824014153887636552	","","2026-08-24 19:23:11","2026-08-24 16:00:00","2026-08-24 16:59:59","kimi-k3","","-","apiKeyId:ak-20260629-132d9a7452713190701047fcf51cf2e8","默认项目","国内","华南地区（广州）","广州一区","Kimi K3","Kimi K3 Cache","-","0.00200000","0.00200000","元/1000token/小时","0.11000000","1000token","1.00000000","小时","-","-","0.00022000","0.00000000","0.00000000","0.00000000","0.00000000","0.00000000","1.00000000","1.00000000","0.00022000","0.00000000","0.00000000","0.00000000","0.00022000","serialId: 893ca27ea9825066d991e332a28a7137;","-","","p_lmp","sp_lmp_tplm_postpay","v_lmp_tplm_postpay_kimi_k3","sv_lmp_tplm_postpay_kimi_k3_cache","2091850665361555458","1","100001","","","","2026-08	"
"100048741014	","100048741014	","100048741014	","TokenHub","第三方大模型_后付费","按量计费","按量计费小时结","-	","20260824014153960595752	","","2026-08-24 20:23:07","2026-08-24 17:00:00","2026-08-24 17:59:59","kimi-k3","","-","apiKeyId:ak-20260629-132d9a7452713190701047fcf51cf2e8","默认项目","国内","华南地区（广州）","广州一区","Kimi K3","Kimi K3 Cache","-","0.00200000","0.00200000","元/1000token/小时","0.22000000","1000token","1.00000000","小时","-","-","0.00044000","0.00000000","0.00000000","0.00000000","0.00000000","0.00000000","1.00000000","1.00000000","0.00044000","0.00000000","0.00000000","0.00000000","0.00044000","serialId: 893ca27ea9825066d991e332a28a7137;","-","","p_lmp","sp_lmp_tplm_postpay","v_lmp_tplm_postpay_kimi_k3","sv_lmp_tplm_postpay_kimi_k3_cache","2091865731960156162","1","100001","","","","2026-08	"
"100048741014	","100048741014	","100048741014	","TokenHub","第三方大模型_后付费","按量计费","按量计费小时结","-	","20260825014155277864162	","","2026-08-25 14:15:46","2026-08-25 11:00:00","2026-08-25 11:59:59","kimi-k3","","-","apiKeyId:ak-20260629-132d9a7452713190701047fcf51cf2e8","默认项目","国内","华南地区（广州）","广州一区","Kimi K3","Kimi K3 Cache","-","0.00200000","0.00200000","元/1000token/小时","0.09200000","1000token","1.00000000","小时","-","-","0.00018400","0.00000000","0.00000000","0.00000000","0.00000000","0.00000000","1.00000000","1.00000000","0.00018400","0.00000000","0.00000000","0.00000000","0.00018400","serialId: 893ca27ea9825066d991e332a28a7137;","-","","p_lmp","sp_lmp_tplm_postpay","v_lmp_tplm_postpay_kimi_k3","sv_lmp_tplm_postpay_kimi_k3_cache","2092135271213711367","1","100001","","","","2026-08	"
"100048741014	","100048741014	","100048741014	","TokenHub","第三方大模型_后付费","按量计费","按量计费小时结","-	","20260824014153960595752	","","2026-08-24 20:23:07","2026-08-24 17:00:00","2026-08-24 17:59:59","kimi-k3","","-","apiKeyId:ak-20260629-132d9a7452713190701047fcf51cf2e8","默认项目","国内","华南地区（广州）","广州一区","Kimi K3","Kimi K3 Input","-","0.02000000","0.02000000","元/1000token/小时","0.21800000","1000token","1.00000000","小时","-","-","0.00436000","0.00000000","0.00000000","0.00000000","0.00000000","0.00000000","1.00000000","1.00000000","0.00436000","0.00000000","0.00000000","0.00000000","0.00436000","serialId: 8254d2055c97fb0e75adf1bdec4d3452;","-","","p_lmp","sp_lmp_tplm_postpay","v_lmp_tplm_postpay_kimi_k3","sv_lmp_tplm_postpay_kimi_k3_input","2091865731960156163","1","100001","","","","2026-08	"
"100048741014	","100048741014	","100048741014	","TokenHub","第三方大模型_后付费","按量计费","按量计费小时结","-	","20260824014153960595752	","","2026-08-24 20:23:07","2026-08-24 17:00:00","2026-08-24 17:59:59","kimi-k3","","-","apiKeyId:ak-20260629-132d9a7452713190701047fcf51cf2e8","默认项目","国内","华南地区（广州）","广州一区","Kimi K3","Kimi K3 Output","-","0.10000000","0.10000000","元/1000token/小时","1.67400000","1000token","1.00000000","小时","-","-","0.16740000","0.00000000","0.00000000","0.00000000","0.00000000","0.00000000","1.00000000","1.00000000","0.16740000","0.00000000","0.00000000","0.00000000","0.16740000","serialId: 233ee7a34b327ee0832df3ba91261834;","-","","p_lmp","sp_lmp_tplm_postpay","v_lmp_tplm_postpay_kimi_k3","sv_lmp_tplm_postpay_kimi_k3_output","2091865731960156164","1","100001","","","","2026-08	"
"100048741014	","100048741014	","100048741014	","TokenHub","第三方大模型_后付费","按量计费","按量计费小时结","-	","20260825014155277864162	","","2026-08-25 14:15:46","2026-08-25 11:00:00","2026-08-25 11:59:59","kimi-k3","","-","apiKeyId:ak-20260629-132d9a7452713190701047fcf51cf2e8","默认项目","国内","华南地区（广州）","广州一区","Kimi K3","Kimi K3 Input","-","0.02000000","0.02000000","元/1000token/小时","0.12700000","1000token","1.00000000","小时","-","-","0.00254000","0.00000000","0.00000000","0.00000000","0.00000000","0.00000000","1.00000000","1.00000000","0.00254000","0.00000000","0.00000000","0.00000000","0.00254000","serialId: 8254d2055c97fb0e75adf1bdec4d3452;","-","","p_lmp","sp_lmp_tplm_postpay","v_lmp_tplm_postpay_kimi_k3","sv_lmp_tplm_postpay_kimi_k3_input","2092135271213711368","1","100001","","","","2026-08	"
"100048741014	","100048741014	","100048741014	","TokenHub","第三方大模型_后付费","按量计费","按量计费小时结","-	","20260825014155277864162	","","2026-08-25 14:15:46","2026-08-25 11:00:00","2026-08-25 11:59:59","kimi-k3","","-","apiKeyId:ak-20260629-132d9a7452713190701047fcf51cf2e8","默认项目","国内","华南地区（广州）","广州一区","Kimi K3","Kimi K3 Output","-","0.10000000","0.10000000","元/1000token/小时","0.65600000","1000token","1.00000000","小时","-","-","0.06560000","0.00000000","0.00000000","0.00000000","0.00000000","0.00000000","1.00000000","1.00000000","0.06560000","0.00000000","0.00000000","0.00000000","0.06560000","serialId: 233ee7a34b327ee0832df3ba91261834;","-","","p_lmp","sp_lmp_tplm_postpay","v_lmp_tplm_postpay_kimi_k3","sv_lmp_tplm_postpay_kimi_k3_output","2092135271213711369","1","100001","","","","2026-08	"
"100048741014	","100048741014	","100048741014	","TokenHub","第三方大模型_后付费","按量计费","按量计费小时结","-	","20260824014154012654012	","","2026-08-24 21:09:27","2026-08-24 18:00:00","2026-08-24 18:59:59","kimi-k3","","-","apiKeyId:ak-20260629-132d9a7452713190701047fcf51cf2e8","默认项目","国内","华南地区（广州）","广州一区","Kimi K3","Kimi K3 Output","-","0.10000000","0.10000000","元/1000token/小时","1.57200000","1000token","1.00000000","小时","-","-","0.15720000","0.00000000","0.00000000","0.00000000","0.00000000","0.00000000","1.00000000","1.00000000","0.15720000","0.00000000","0.00000000","0.00000000","0.15720000","serialId: 233ee7a34b327ee0832df3ba91261834;","-","","p_lmp","sp_lmp_tplm_postpay","v_lmp_tplm_postpay_kimi_k3","sv_lmp_tplm_postpay_kimi_k3_output","2091877027757039620","1","100001","","","","2026-08	"
"100048741014	","100048741014	","100048741014	","TokenHub","第三方大模型_后付费","按量计费","按量计费小时结","-	","20260824014154012654012	","","2026-08-24 21:09:27","2026-08-24 18:00:00","2026-08-24 18:59:59","kimi-k3","","-","apiKeyId:ak-20260629-132d9a7452713190701047fcf51cf2e8","默认项目","国内","华南地区（广州）","广州一区","Kimi K3","Kimi K3 Input","-","0.02000000","0.02000000","元/1000token/小时","5806.56500000","1000token","1.00000000","小时","-","-","116.13130000","0.00000000","0.00000000","0.00000000","0.00000000","0.00000000","1.00000000","1.00000000","116.13130000","0.00000000","0.00000000","0.00000000","116.13130000","serialId: 8254d2055c97fb0e75adf1bdec4d3452;","-","","p_lmp","sp_lmp_tplm_postpay","v_lmp_tplm_postpay_kimi_k3","sv_lmp_tplm_postpay_kimi_k3_input","2091877027757039619","1","100001","","","","2026-08	"
"100048741014	","100048741014	","100048741014	","TokenHub","第三方大模型_后付费","按量计费","按量计费小时结","-	","20260810014128910972322	","","2026-08-10 14:09:22","2026-08-10 11:00:00","2026-08-10 11:59:59","kimi-k3","","-","apiKeyId:ak-20260629-132d9a7452713190701047fcf51cf2e8","默认项目","国内","华南地区（广州）","广州一区","Kimi K3","Kimi K3 Output","-","0.10000000","0.10000000","元/1000token/小时","17.96100000","1000token","1.00000000","小时","-","-","1.79610000","0.00000000","0.00000000","0.00000000","0.00000000","0.00000000","1.00000000","1.00000000","1.79610000","0.00000000","0.00000000","0.00000000","1.79610000","serialId: 233ee7a34b327ee0832df3ba91261834;","-","","p_lmp","sp_lmp_tplm_postpay","v_lmp_tplm_postpay_kimi_k3","sv_lmp_tplm_postpay_kimi_k3_output","2086698025320726535","1","100001","","","","2026-08	"
"100048741014	","100048741014	","100048741014	","TokenHub","第三方大模型_后付费","按量计费","按量计费小时结","-	","20260810014128910972322	","","2026-08-10 14:09:22","2026-08-10 11:00:00","2026-08-10 11:59:59","kimi-k3","","-","apiKeyId:ak-20260629-132d9a7452713190701047fcf51cf2e8","默认项目","国内","华南地区（广州）","广州一区","Kimi K3","Kimi K3 Cache","-","0.00200000","0.00200000","元/1000token/小时","2188.28800000","1000token","1.00000000","小时","-","-","4.37657600","0.00000000","0.00000000","0.00000000","0.00000000","0.00000000","1.00000000","1.00000000","4.37657600","0.00000000","0.00000000","0.00000000","4.37657600","serialId: 893ca27ea9825066d991e332a28a7137;","-","","p_lmp","sp_lmp_tplm_postpay","v_lmp_tplm_postpay_kimi_k3","sv_lmp_tplm_postpay_kimi_k3_cache","2086698025320726533","1","100001","","","","2026-08	"
"100048741014	","100048741014	","100048741014	","TokenHub","第三方大模型_后付费","按量计费","按量计费小时结","-	","20260810014128910972322	","","2026-08-10 14:09:22","2026-08-10 11:00:00","2026-08-10 11:59:59","kimi-k3","","-","apiKeyId:ak-20260629-132d9a7452713190701047fcf51cf2e8","默认项目","国内","华南地区（广州）","广州一区","Kimi K3","Kimi K3 Input","-","0.02000000","0.02000000","元/1000token/小时","137.93300000","1000token","1.00000000","小时","-","-","2.75866000","0.00000000","0.00000000","0.00000000","0.00000000","0.00000000","1.00000000","1.00000000","2.75866000","0.00000000","0.00000000","0.00000000","2.75866000","serialId: 8254d2055c97fb0e75adf1bdec4d3452;","-","","p_lmp","sp_lmp_tplm_postpay","v_lmp_tplm_postpay_kimi_k3","sv_lmp_tplm_postpay_kimi_k3_input","2086698025320726534","1","100001","","","","2026-08	"
"100048741014	","100048741014	","100048741014	","TokenHub","第三方大模型_后付费","按量计费","按量计费小时结","-	","20260810014128842579982	","","2026-08-10 13:15:41","2026-08-10 10:00:00","2026-08-10 10:59:59","kimi-k3","","-","apiKeyId:ak-20260629-132d9a7452713190701047fcf51cf2e8","默认项目","国内","华南地区（广州）","广州一区","Kimi K3","Kimi K3 Cache","-","0.00200000","0.00200000","元/1000token/小时","0.11000000","1000token","1.00000000","小时","-","-","0.00022000","0.00000000","0.00000000","0.00000000","0.00000000","0.00000000","1.00000000","1.00000000","0.00022000","0.00000000","0.00000000","0.00000000","0.00022000","serialId: 893ca27ea9825066d991e332a28a7137;","-","","p_lmp","sp_lmp_tplm_postpay","v_lmp_tplm_postpay_kimi_k3","sv_lmp_tplm_postpay_kimi_k3_cache","2086684449529143300","1","100001","","","","2026-08	"
"100048741014	","100048741014	","100048741014	","TokenHub","第三方大模型_后付费","按量计费","按量计费小时结","-	","20260810014128842579982	","","2026-08-10 13:15:41","2026-08-10 10:00:00","2026-08-10 10:59:59","kimi-k3","","-","apiKeyId:ak-20260629-132d9a7452713190701047fcf51cf2e8","默认项目","国内","华南地区（广州）","广州一区","Kimi K3","Kimi K3 Input","-","0.02000000","0.02000000","元/1000token/小时","8.79100000","1000token","1.00000000","小时","-","-","0.17582000","0.00000000","0.00000000","0.00000000","0.00000000","0.00000000","1.00000000","1.00000000","0.17582000","0.00000000","0.00000000","0.00000000","0.17582000","serialId: 8254d2055c97fb0e75adf1bdec4d3452;","-","","p_lmp","sp_lmp_tplm_postpay","v_lmp_tplm_postpay_kimi_k3","sv_lmp_tplm_postpay_kimi_k3_input","2086684449529143301","1","100001","","","","2026-08	"
"100048741014	","100048741014	","100048741014	","TokenHub","第三方大模型_后付费","按量计费","按量计费小时结","-	","20260810014128842579982	","","2026-08-10 13:15:41","2026-08-10 10:00:00","2026-08-10 10:59:59","kimi-k3","","-","apiKeyId:ak-20260629-132d9a7452713190701047fcf51cf2e8","默认项目","国内","华南地区（广州）","广州一区","Kimi K3","Kimi K3 Output","-","0.10000000","0.10000000","元/1000token/小时","1.89300000","1000token","1.00000000","小时","-","-","0.18930000","0.00000000","0.00000000","0.00000000","0.00000000","0.00000000","1.00000000","1.00000000","0.18930000","0.00000000","0.00000000","0.00000000","0.18930000","serialId: 233ee7a34b327ee0832df3ba91261834;","-","","p_lmp","sp_lmp_tplm_postpay","v_lmp_tplm_postpay_kimi_k3","sv_lmp_tplm_postpay_kimi_k3_output","2086684449529143302","1","100001","","","","2026-08	"
"100048741014	","100048741014	","100048741014	","TokenHub","第三方大模型_后付费","按量计费","按量计费小时结","-	","20260815014136642005422	","","2026-08-15 00:15:36","2026-08-14 21:00:00","2026-08-14 21:59:59","kimi-k3","","-","apiKeyId:ak-20260629-132d9a7452713190701047fcf51cf2e8","默认项目","国内","华南地区（广州）","广州一区","Kimi K3","Kimi K3 Cache","-","0.00200000","0.00200000","元/1000token/小时","1224.84000000","1000token","1.00000000","小时","-","-","2.44968000","0.00000000","0.00000000","0.00000000","0.00000000","0.00000000","1.00000000","1.00000000","2.44968000","0.00000000","0.00000000","0.00000000","2.44968000","serialId: 893ca27ea9825066d991e332a28a7137;","-","","p_lmp","sp_lmp_tplm_postpay","v_lmp_tplm_postpay_kimi_k3","sv_lmp_tplm_postpay_kimi_k3_cache","2088299928177754114","1","100001","","","","2026-08	"
"100048741014	","100048741014	","100048741014	","TokenHub","第三方大模型_后付费","按量计费","按量计费小时结","-	","20260815014136642005422	","","2026-08-15 00:15:36","2026-08-14 21:00:00","2026-08-14 21:59:59","kimi-k3","","-","apiKeyId:ak-20260629-132d9a7452713190701047fcf51cf2e8","默认项目","国内","华南地区（广州）","广州一区","Kimi K3","Kimi K3 Output","-","0.10000000","0.10000000","元/1000token/小时","6.04500000","1000token","1.00000000","小时","-","-","0.60450000","0.00000000","0.00000000","0.00000000","0.00000000","0.00000000","1.00000000","1.00000000","0.60450000","0.00000000","0.00000000","0.00000000","0.60450000","serialId: 233ee7a34b327ee0832df3ba91261834;","-","","p_lmp","sp_lmp_tplm_postpay","v_lmp_tplm_postpay_kimi_k3","sv_lmp_tplm_postpay_kimi_k3_output","2088299928177754116","1","100001","","","","2026-08	"
"100048741014	","100048741014	","100048741014	","TokenHub","第三方大模型_后付费","按量计费","按量计费小时结","-	","20260815014136642005422	","","2026-08-15 00:15:36","2026-08-14 21:00:00","2026-08-14 21:59:59","kimi-k3","","-","apiKeyId:ak-20260629-132d9a7452713190701047fcf51cf2e8","默认项目","国内","华南地区（广州）","广州一区","Kimi K3","Kimi K3 Input","-","0.02000000","0.02000000","元/1000token/小时","548.10400000","1000token","1.00000000","小时","-","-","10.96208000","0.00000000","0.00000000","0.00000000","0.00000000","0.00000000","1.00000000","1.00000000","10.96208000","0.00000000","0.00000000","0.00000000","10.96208000","serialId: 8254d2055c97fb0e75adf1bdec4d3452;","-","","p_lmp","sp_lmp_tplm_postpay","v_lmp_tplm_postpay_kimi_k3","sv_lmp_tplm_postpay_kimi_k3_input","2088299928177754115","1","100001","","","","2026-08	"
"100048741014	","100048741014	","100048741014	","TokenHub","第三方大模型_后付费","按量计费","按量计费小时结","-	","20260826014157550388692	","","2026-08-26 21:09:27","2026-08-26 18:00:00","2026-08-26 18:59:59","kimi-k3","","-","apiKeyId:ak-20260629-132d9a7452713190701047fcf51cf2e8","默认项目","国内","华南地区（广州）","广州一区","Kimi K3","Kimi K3 Cache","-","0.00200000","0.00200000","元/1000token/小时","456.57600000","1000token","1.00000000","小时","-","-","0.91315200","0.00000000","0.00000000","0.00000000","0.00000000","0.00000000","1.00000000","1.00000000","0.91315200","0.00000000","0.00000000","0.00000000","0.91315200","serialId: 893ca27ea9825066d991e332a28a7137;","-","","p_lmp","sp_lmp_tplm_postpay","v_lmp_tplm_postpay_kimi_k3","sv_lmp_tplm_postpay_kimi_k3_cache","2092602102781321218","1","100001","","","","2026-08	"
"100048741014	","100048741014	","100048741014	","TokenHub","第三方大模型_后付费","按量计费","按量计费小时结","-	","20260826014157623521752	","","2026-08-26 22:09:38","2026-08-26 19:00:00","2026-08-26 19:59:59","kimi-k3","","-","apiKeyId:ak-20260629-132d9a7452713190701047fcf51cf2e8","默认项目","国内","华南地区（广州）","广州一区","Kimi K3","Kimi K3 Input","-","0.02000000","0.02000000","元/1000token/小时","627.03400000","1000token","1.00000000","小时","-","-","12.54068000","0.00000000","0.00000000","0.00000000","0.00000000","0.00000000","1.00000000","1.00000000","12.54068000","0.00000000","0.00000000","0.00000000","12.54068000","serialId: 8254d2055c97fb0e75adf1bdec4d3452;","-","","p_lmp","sp_lmp_tplm_postpay","v_lmp_tplm_postpay_kimi_k3","sv_lmp_tplm_postpay_kimi_k3_input","2092617208847933443","1","100001","","","","2026-08	"
"100048741014	","100048741014	","100048741014	","TokenHub","第三方大模型_后付费","按量计费","按量计费小时结","-	","20260826014157550388692	","","2026-08-26 21:09:27","2026-08-26 18:00:00","2026-08-26 18:59:59","kimi-k3","","-","apiKeyId:ak-20260629-132d9a7452713190701047fcf51cf2e8","默认项目","国内","华南地区（广州）","广州一区","Kimi K3","Kimi K3 Input","-","0.02000000","0.02000000","元/1000token/小时","1002.38300000","1000token","1.00000000","小时","-","-","20.04766000","0.00000000","0.00000000","0.00000000","0.00000000","0.00000000","1.00000000","1.00000000","20.04766000","0.00000000","0.00000000","0.00000000","20.04766000","serialId: 8254d2055c97fb0e75adf1bdec4d3452;","-","","p_lmp","sp_lmp_tplm_postpay","v_lmp_tplm_postpay_kimi_k3","sv_lmp_tplm_postpay_kimi_k3_input","2092602102781321219","1","100001","","","","2026-08	"
"100048741014	","100048741014	","100048741014	","TokenHub","第三方大模型_后付费","按量计费","按量计费小时结","-	","20260826014157550388692	","","2026-08-26 21:09:27","2026-08-26 18:00:00","2026-08-26 18:59:59","kimi-k3","","-","apiKeyId:ak-20260629-132d9a7452713190701047fcf51cf2e8","默认项目","国内","华南地区（广州）","广州一区","Kimi K3","Kimi K3 Output","-","0.10000000","0.10000000","元/1000token/小时","1.67800000","1000token","1.00000000","小时","-","-","0.16780000","0.00000000","0.00000000","0.00000000","0.00000000","0.00000000","1.00000000","1.00000000","0.16780000","0.00000000","0.00000000","0.00000000","0.16780000","serialId: 233ee7a34b327ee0832df3ba91261834;","-","","p_lmp","sp_lmp_tplm_postpay","v_lmp_tplm_postpay_kimi_k3","sv_lmp_tplm_postpay_kimi_k3_output","2092602102781321220","1","100001","","","","2026-08	"
"100048741014	","100048741014	","100048741014	","TokenHub","第三方大模型_后付费","按量计费","按量计费小时结","-	","20260826014157623521752	","","2026-08-26 22:09:38","2026-08-26 19:00:00","2026-08-26 19:59:59","kimi-k3","","-","apiKeyId:ak-20260629-132d9a7452713190701047fcf51cf2e8","默认项目","国内","华南地区（广州）","广州一区","Kimi K3","Kimi K3 Output","-","0.10000000","0.10000000","元/1000token/小时","0.30500000","1000token","1.00000000","小时","-","-","0.03050000","0.00000000","0.00000000","0.00000000","0.00000000","0.00000000","1.00000000","1.00000000","0.03050000","0.00000000","0.00000000","0.00000000","0.03050000","serialId: 233ee7a34b327ee0832df3ba91261834;","-","","p_lmp","sp_lmp_tplm_postpay","v_lmp_tplm_postpay_kimi_k3","sv_lmp_tplm_postpay_kimi_k3_output","2092617208847933444","1","100001","","","","2026-08	"
"100048741014	","100048741014	","100048741014	","TokenHub","第三方大模型_后付费","按量计费","按量计费小时结","-	","20260826014157623521752	","","2026-08-26 22:09:38","2026-08-26 19:00:00","2026-08-26 19:59:59","kimi-k3","","-","apiKeyId:ak-20260629-132d9a7452713190701047fcf51cf2e8","默认项目","国内","华南地区（广州）","广州一区","Kimi K3","Kimi K3 Cache","-","0.00200000","0.00200000","元/1000token/小时","191.74200000","1000token","1.00000000","小时","-","-","0.38348400","0.00000000","0.00000000","0.00000000","0.00000000","0.00000000","1.00000000","1.00000000","0.38348400","0.00000000","0.00000000","0.00000000","0.38348400","serialId: 893ca27ea9825066d991e332a28a7137;","-","","p_lmp","sp_lmp_tplm_postpay","v_lmp_tplm_postpay_kimi_k3","sv_lmp_tplm_postpay_kimi_k3_cache","2092617208847933442","1","100001","","","","2026-08	"
"100048741014	","100048741014	","100048741014	","TokenHub","第三方大模型_后付费","按量计费","按量计费小时结","-	","20260817014141542314272	","","2026-08-17 19:13:26","2026-08-17 16:00:00","2026-08-17 16:59:59","kimi-k3","","-","apiKeyId:ak-20260629-132d9a7452713190701047fcf51cf2e8","默认项目","国内","华南地区（广州）","广州一区","Kimi K3","Kimi K3 Output","-","0.10000000","0.10000000","元/1000token/小时","25.07700000","1000token","1.00000000","小时","-","-","2.50770000","0.00000000","0.00000000","0.00000000","0.00000000","0.00000000","1.00000000","1.00000000","2.50770000","0.00000000","0.00000000","0.00000000","2.50770000","serialId: 233ee7a34b327ee0832df3ba91261834;","-","","p_lmp","sp_lmp_tplm_postpay","v_lmp_tplm_postpay_kimi_k3","sv_lmp_tplm_postpay_kimi_k3_output","2089311377868857348","1","100001","","","","2026-08	"
"100048741014	","100048741014	","100048741014	","TokenHub","第三方大模型_后付费","按量计费","按量计费小时结","-	","20260817014141542314272	","","2026-08-17 19:13:26","2026-08-17 16:00:00","2026-08-17 16:59:59","kimi-k3","","-","apiKeyId:ak-20260629-132d9a7452713190701047fcf51cf2e8","默认项目","国内","华南地区（广州）","广州一区","Kimi K3","Kimi K3 Cache","-","0.00200000","0.00200000","元/1000token/小时","21549.66300000","1000token","1.00000000","小时","-","-","43.09932600","0.00000000","0.00000000","0.00000000","0.00000000","0.00000000","1.00000000","1.00000000","43.09932600","0.00000000","0.00000000","0.00000000","43.09932600","serialId: 893ca27ea9825066d991e332a28a7137;","-","","p_lmp","sp_lmp_tplm_postpay","v_lmp_tplm_postpay_kimi_k3","sv_lmp_tplm_postpay_kimi_k3_cache","2089311377868857346","1","100001","","","","2026-08	"
"100048741014	","100048741014	","100048741014	","TokenHub","第三方大模型_后付费","按量计费","按量计费小时结","-	","20260818014142867819782	","","2026-08-18 13:15:48","2026-08-18 10:00:00","2026-08-18 10:59:59","kimi-k3","","-","apiKeyId:ak-20260629-132d9a7452713190701047fcf51cf2e8","默认项目","国内","华南地区（广州）","广州一区","Kimi K3","Kimi K3 Input","-","0.02000000","0.02000000","元/1000token/小时","0.10900000","1000token","1.00000000","小时","-","-","0.00218000","0.00000000","0.00000000","0.00000000","0.00000000","0.00000000","1.00000000","1.00000000","0.00218000","0.00000000","0.00000000","0.00000000","0.00218000","serialId: 8254d2055c97fb0e75adf1bdec4d3452;","-","","p_lmp","sp_lmp_tplm_postpay","v_lmp_tplm_postpay_kimi_k3","sv_lmp_tplm_postpay_kimi_k3_input","2089583453456048133","1","100001","","","","2026-08	"
"100048741014	","100048741014	","100048741014	","TokenHub","第三方大模型_后付费","按量计费","按量计费小时结","-	","20260818014142867819782	","","2026-08-18 13:15:48","2026-08-18 10:00:00","2026-08-18 10:59:59","kimi-k3","","-","apiKeyId:ak-20260629-132d9a7452713190701047fcf51cf2e8","默认项目","国内","华南地区（广州）","广州一区","Kimi K3","Kimi K3 Output","-","0.10000000","0.10000000","元/1000token/小时","0.53300000","1000token","1.00000000","小时","-","-","0.05330000","0.00000000","0.00000000","0.00000000","0.00000000","0.00000000","1.00000000","1.00000000","0.05330000","0.00000000","0.00000000","0.00000000","0.05330000","serialId: 233ee7a34b327ee0832df3ba91261834;","-","","p_lmp","sp_lmp_tplm_postpay","v_lmp_tplm_postpay_kimi_k3","sv_lmp_tplm_postpay_kimi_k3_output","2089583453456048134","1","100001","","","","2026-08	"
"100048741014	","100048741014	","100048741014	","TokenHub","第三方大模型_后付费","按量计费","按量计费小时结","-	","20260817014141394883012	","","2026-08-17 17:09:30","2026-08-17 14:00:00","2026-08-17 14:59:59","kimi-k3","","-","apiKeyId:ak-20260629-132d9a7452713190701047fcf51cf2e8","默认项目","国内","华南地区（广州）","广州一区","Kimi K3","Kimi K3 Cache","-","0.00200000","0.00200000","元/1000token/小时","5059.16400000","1000token","1.00000000","小时","-","-","10.11832800","0.00000000","0.00000000","0.00000000","0.00000000","0.00000000","1.00000000","1.00000000","10.11832800","0.00000000","0.00000000","0.00000000","10.11832800","serialId: 893ca27ea9825066d991e332a28a7137;","-","","p_lmp","sp_lmp_tplm_postpay","v_lmp_tplm_postpay_kimi_k3","sv_lmp_tplm_postpay_kimi_k3_cache","2089279938711920642","1","100001","","","","2026-08	"
"100048741014	","100048741014	","100048741014	","TokenHub","第三方大模型_后付费","按量计费","按量计费小时结","-	","20260817014141470113772	","","2026-08-17 18:15:34","2026-08-17 15:00:00","2026-08-17 15:59:59","kimi-k3","","-","apiKeyId:ak-20260629-132d9a7452713190701047fcf51cf2e8","默认项目","国内","华南地区（广州）","广州一区","Kimi K3","Kimi K3 Output","-","0.10000000","0.10000000","元/1000token/小时","15.24800000","1000token","1.00000000","小时","-","-","1.52480000","0.00000000","0.00000000","0.00000000","0.00000000","0.00000000","1.00000000","1.00000000","1.52480000","0.00000000","0.00000000","0.00000000","1.52480000","serialId: 233ee7a34b327ee0832df3ba91261834;","-","","p_lmp","sp_lmp_tplm_postpay","v_lmp_tplm_postpay_kimi_k3","sv_lmp_tplm_postpay_kimi_k3_output","2089296540765798404","1","100001","","","","2026-08	"
"100048741014	","100048741014	","100048741014	","TokenHub","第三方大模型_后付费","按量计费","按量计费小时结","-	","20260817014141614117772	","","2026-08-17 20:15:36","2026-08-17 17:00:00","2026-08-17 17:59:59","kimi-k3","","-","apiKeyId:ak-20260629-132d9a7452713190701047fcf51cf2e8","默认项目","国内","华南地区（广州）","广州一区","Kimi K3","Kimi K3 Output","-","0.10000000","0.10000000","元/1000token/小时","0.45500000","1000token","1.00000000","小时","-","-","0.04550000","0.00000000","0.00000000","0.00000000","0.00000000","0.00000000","1.00000000","1.00000000","0.04550000","0.00000000","0.00000000","0.00000000","0.04550000","serialId: 233ee7a34b327ee0832df3ba91261834;","-","","p_lmp","sp_lmp_tplm_postpay","v_lmp_tplm_postpay_kimi_k3","sv_lmp_tplm_postpay_kimi_k3_output","2089326726147481604","1","100001","","","","2026-08	"
"100048741014	","100048741014	","100048741014	","TokenHub","第三方大模型_后付费","按量计费","按量计费小时结","-	","20260817014141614117772	","","2026-08-17 20:15:36","2026-08-17 17:00:00","2026-08-17 17:59:59","kimi-k3","","-","apiKeyId:ak-20260629-132d9a7452713190701047fcf51cf2e8","默认项目","国内","华南地区（广州）","广州一区","Kimi K3","Kimi K3 Input","-","0.02000000","0.02000000","元/1000token/小时","219.46700000","1000token","1.00000000","小时","-","-","4.38934000","0.00000000","0.00000000","0.00000000","0.00000000","0.00000000","1.00000000","1.00000000","4.38934000","0.00000000","0.00000000","0.00000000","4.38934000","serialId: 8254d2055c97fb0e75adf1bdec4d3452;","-","","p_lmp","sp_lmp_tplm_postpay","v_lmp_tplm_postpay_kimi_k3","sv_lmp_tplm_postpay_kimi_k3_input","2089326726147481603","1","100001","","","","2026-08	"
"100048741014	","100048741014	","100048741014	","TokenHub","第三方大模型_后付费","按量计费","按量计费小时结","-	","20260817014141614117772	","","2026-08-17 20:15:36","2026-08-17 17:00:00","2026-08-17 17:59:59","kimi-k3","","-","apiKeyId:ak-20260629-132d9a7452713190701047fcf51cf2e8","默认项目","国内","华南地区（广州）","广州一区","Kimi K3","Kimi K3 Cache","-","0.00200000","0.00200000","元/1000token/小时","992.84800000","1000token","1.00000000","小时","-","-","1.98569600","0.00000000","0.00000000","0.00000000","0.00000000","0.00000000","1.00000000","1.00000000","1.98569600","0.00000000","0.00000000","0.00000000","1.98569600","serialId: 893ca27ea9825066d991e332a28a7137;","-","","p_lmp","sp_lmp_tplm_postpay","v_lmp_tplm_postpay_kimi_k3","sv_lmp_tplm_postpay_kimi_k3_cache","2089326726147481602","1","100001","","","","2026-08	"
"100048741014	","100048741014	","100048741014	","TokenHub","第三方大模型_后付费","按量计费","按量计费小时结","-	","20260817014141470113772	","","2026-08-17 18:15:34","2026-08-17 15:00:00","2026-08-17 15:59:59","kimi-k3","","-","apiKeyId:ak-20260629-132d9a7452713190701047fcf51cf2e8","默认项目","国内","华南地区（广州）","广州一区","Kimi K3","Kimi K3 Input","-","0.02000000","0.02000000","元/1000token/小时","70.18900000","1000token","1.00000000","小时","-","-","1.40378000","0.00000000","0.00000000","0.00000000","0.00000000","0.00000000","1.00000000","1.00000000","1.40378000","0.00000000","0.00000000","0.00000000","1.40378000","serialId: 8254d2055c97fb0e75adf1bdec4d3452;","-","","p_lmp","sp_lmp_tplm_postpay","v_lmp_tplm_postpay_kimi_k3","sv_lmp_tplm_postpay_kimi_k3_input","2089296540765798403","1","100001","","","","2026-08	"
"100048741014	","100048741014	","100048741014	","TokenHub","第三方大模型_后付费","按量计费","按量计费小时结","-	","20260817014141398409082	","","2026-08-17 17:15:53","2026-08-17 14:00:00","2026-08-17 14:59:59","kimi-k3","","-","apiKeyId:ak-20260629-132d9a7452713190701047fcf51cf2e8","默认项目","国内","华南地区（广州）","广州一区","Kimi K3","Kimi K3 Input","-","0.02000000","0.02000000","元/1000token/小时","716.33300000","1000token","1.00000000","小时","-","-","14.32666000","0.00000000","0.00000000","0.00000000","0.00000000","0.00000000","1.00000000","1.00000000","14.32666000","0.00000000","0.00000000","0.00000000","14.32666000","serialId: 8254d2055c97fb0e75adf1bdec4d3452;","-","","p_lmp","sp_lmp_tplm_postpay","v_lmp_tplm_postpay_kimi_k3","sv_lmp_tplm_postpay_kimi_k3_input","2089281463739498498","1","100001","","","","2026-08	"
"100048741014	","100048741014	","100048741014	","TokenHub","第三方大模型_后付费","按量计费","按量计费小时结","-	","20260817014141470113772	","","2026-08-17 18:15:34","2026-08-17 15:00:00","2026-08-17 15:59:59","kimi-k3","","-","apiKeyId:ak-20260629-132d9a7452713190701047fcf51cf2e8","默认项目","国内","华南地区（广州）","广州一区","Kimi K3","Kimi K3 Cache","-","0.00200000","0.00200000","元/1000token/小时","17294.84800000","1000token","1.00000000","小时","-","-","34.58969600","0.00000000","0.00000000","0.00000000","0.00000000","0.00000000","1.00000000","1.00000000","34.58969600","0.00000000","0.00000000","0.00000000","34.58969600","serialId: 893ca27ea9825066d991e332a28a7137;","-","","p_lmp","sp_lmp_tplm_postpay","v_lmp_tplm_postpay_kimi_k3","sv_lmp_tplm_postpay_kimi_k3_cache","2089296540765798402","1","100001","","","","2026-08	"
"100048741014	","100048741014	","100048741014	","TokenHub","第三方大模型_后付费","按量计费","按量计费小时结","-	","20260817014141687189762	","","2026-08-17 21:15:51","2026-08-17 18:00:00","2026-08-17 18:59:59","kimi-k3","","-","apiKeyId:ak-20260629-132d9a7452713190701047fcf51cf2e8","默认项目","国内","华南地区（广州）","广州一区","Kimi K3","Kimi K3 Output","-","0.10000000","0.10000000","元/1000token/小时","9.55300000","1000token","1.00000000","小时","-","-","0.95530000","0.00000000","0.00000000","0.00000000","0.00000000","0.00000000","1.00000000","1.00000000","0.95530000","0.00000000","0.00000000","0.00000000","0.95530000","serialId: 233ee7a34b327ee0832df3ba91261834;","-","","p_lmp","sp_lmp_tplm_postpay","v_lmp_tplm_postpay_kimi_k3","sv_lmp_tplm_postpay_kimi_k3_output","2089341858336751620","1","100001","","","","2026-08	"
"100048741014	","100048741014	","100048741014	","TokenHub","第三方大模型_后付费","按量计费","按量计费小时结","-	","20260817014141687189762	","","2026-08-17 21:15:51","2026-08-17 18:00:00","2026-08-17 18:59:59","kimi-k3","","-","apiKeyId:ak-20260629-132d9a7452713190701047fcf51cf2e8","默认项目","国内","华南地区（广州）","广州一区","Kimi K3","Kimi K3 Input","-","0.02000000","0.02000000","元/1000token/小时","299.13900000","1000token","1.00000000","小时","-","-","5.98278000","0.00000000","0.00000000","0.00000000","0.00000000","0.00000000","1.00000000","1.00000000","5.98278000","0.00000000","0.00000000","0.00000000","5.98278000","serialId: 8254d2055c97fb0e75adf1bdec4d3452;","-","","p_lmp","sp_lmp_tplm_postpay","v_lmp_tplm_postpay_kimi_k3","sv_lmp_tplm_postpay_kimi_k3_input","2089341858336751619","1","100001","","","","2026-08	"
"100048741014	","100048741014	","100048741014	","TokenHub","第三方大模型_后付费","按量计费","按量计费小时结","-	","20260817014141687189762	","","2026-08-17 21:15:51","2026-08-17 18:00:00","2026-08-17 18:59:59","kimi-k3","","-","apiKeyId:ak-20260629-132d9a7452713190701047fcf51cf2e8","默认项目","国内","华南地区（广州）","广州一区","Kimi K3","Kimi K3 Cache","-","0.00200000","0.00200000","元/1000token/小时","780.59000000","1000token","1.00000000","小时","-","-","1.56118000","0.00000000","0.00000000","0.00000000","0.00000000","0.00000000","1.00000000","1.00000000","1.56118000","0.00000000","0.00000000","0.00000000","1.56118000","serialId: 893ca27ea9825066d991e332a28a7137;","-","","p_lmp","sp_lmp_tplm_postpay","v_lmp_tplm_postpay_kimi_k3","sv_lmp_tplm_postpay_kimi_k3_cache","2089341858336751618","1","100001","","","","2026-08	"
"100048741014	","100048741014	","100048741014	","TokenHub","第三方大模型_后付费","按量计费","按量计费小时结","-	","20260817014141398409082	","","2026-08-17 17:15:53","2026-08-17 14:00:00","2026-08-17 14:59:59","kimi-k3","","-","apiKeyId:ak-20260629-132d9a7452713190701047fcf51cf2e8","默认项目","国内","华南地区（广州）","广州一区","Kimi K3","Kimi K3 Output","-","0.10000000","0.10000000","元/1000token/小时","4.96300000","1000token","1.00000000","小时","-","-","0.49630000","0.00000000","0.00000000","0.00000000","0.00000000","0.00000000","1.00000000","1.00000000","0.49630000","0.00000000","0.00000000","0.00000000","0.49630000","serialId: 233ee7a34b327ee0832df3ba91261834;","-","","p_lmp","sp_lmp_tplm_postpay","v_lmp_tplm_postpay_kimi_k3","sv_lmp_tplm_postpay_kimi_k3_output","2089281463739498499","1","100001","","","","2026-08	"
"100048741014	","100048741014	","100048741014	","TokenHub","第三方大模型_后付费","按量计费","按量计费小时结","-	","20260817014141542314272	","","2026-08-17 19:13:26","2026-08-17 16:00:00","2026-08-17 16:59:59","kimi-k3","","-","apiKeyId:ak-20260629-132d9a7452713190701047fcf51cf2e8","默认项目","国内","华南地区（广州）","广州一区","Kimi K3","Kimi K3 Input","-","0.02000000","0.02000000","元/1000token/小时","1430.59300000","1000token","1.00000000","小时","-","-","28.61186000","0.00000000","0.00000000","0.00000000","0.00000000","0.00000000","1.00000000","1.00000000","28.61186000","0.00000000","0.00000000","0.00000000","28.61186000","serialId: 8254d2055c97fb0e75adf1bdec4d3452;","-","","p_lmp","sp_lmp_tplm_postpay","v_lmp_tplm_postpay_kimi_k3","sv_lmp_tplm_postpay_kimi_k3_input","2089311377868857347","1","100001","","","","2026-08	"
"100048741014	","100048741014	","100048741014	","TokenHub","第三方大模型_后付费","按量计费","按量计费小时结","-	","20260803014116934126232	","","2026-08-03 17:09:27","2026-08-03 14:00:00","2026-08-03 14:59:59","kimi-k3","","-","apiKeyId:ak-20260629-132d9a7452713190701047fcf51cf2e8","默认项目","国内","华南地区（广州）","广州一区","Kimi K3","Kimi K3 Cache","-","0.00200000","0.00200000","元/1000token/小时","0.22000000","1000token","1.00000000","小时","-","-","0.00044000","0.00000000","0.00000000","0.00000000","0.00000000","0.00000000","1.00000000","1.00000000","0.00044000","0.00000000","0.00000000","0.00000000","0.00044000","serialId: 893ca27ea9825066d991e332a28a7137;","-","","p_lmp","sp_lmp_tplm_postpay","v_lmp_tplm_postpay_kimi_k3","sv_lmp_tplm_postpay_kimi_k3_cache","2084206611953885189","1","100001","","","","2026-08	"
"100048741014	","100048741014	","100048741014	","TokenHub","第三方大模型_后付费","按量计费","按量计费小时结","-	","20260803014116934126232	","","2026-08-03 17:09:27","2026-08-03 14:00:00","2026-08-03 14:59:59","kimi-k3","","-","apiKeyId:ak-20260629-132d9a7452713190701047fcf51cf2e8","默认项目","国内","华南地区（广州）","广州一区","Kimi K3","Kimi K3 Output","-","0.10000000","0.10000000","元/1000token/小时","1.09900000","1000token","1.00000000","小时","-","-","0.10990000","0.00000000","0.00000000","0.00000000","0.00000000","0.00000000","1.00000000","1.00000000","0.10990000","0.00000000","0.00000000","0.00000000","0.10990000","serialId: 233ee7a34b327ee0832df3ba91261834;","-","","p_lmp","sp_lmp_tplm_postpay","v_lmp_tplm_postpay_kimi_k3","sv_lmp_tplm_postpay_kimi_k3_output","2084206611953885190","1","100001","","","","2026-08	"
"100048741014	","100048741014	","100048741014	","TokenHub","第三方大模型_后付费","按量计费","按量计费小时结","-	","20260804014118453222062	","","2026-08-04 14:09:47","2026-08-04 11:00:00","2026-08-04 11:59:59","kimi-k3","","-","apiKeyId:ak-20260629-132d9a7452713190701047fcf51cf2e8","默认项目","国内","华南地区（广州）","广州一区","Kimi K3","Kimi K3 Cache","-","0.00200000","0.00200000","元/1000token/小时","0.11000000","1000token","1.00000000","小时","-","-","0.00022000","0.00000000","0.00000000","0.00000000","0.00000000","0.00000000","1.00000000","1.00000000","0.00022000","0.00000000","0.00000000","0.00000000","0.00022000","serialId: 893ca27ea9825066d991e332a28a7137;","-","","p_lmp","sp_lmp_tplm_postpay","v_lmp_tplm_postpay_kimi_k3","sv_lmp_tplm_postpay_kimi_k3_cache","2084523750606258181","1","100001","","","","2026-08	"
"100048741014	","100048741014	","100048741014	","TokenHub","第三方大模型_后付费","按量计费","按量计费小时结","-	","20260804014118453222062	","","2026-08-04 14:09:47","2026-08-04 11:00:00","2026-08-04 11:59:59","kimi-k3","","-","apiKeyId:ak-20260629-132d9a7452713190701047fcf51cf2e8","默认项目","国内","华南地区（广州）","广州一区","Kimi K3","Kimi K3 Output","-","0.10000000","0.10000000","元/1000token/小时","0.64000000","1000token","1.00000000","小时","-","-","0.06400000","0.00000000","0.00000000","0.00000000","0.00000000","0.00000000","1.00000000","1.00000000","0.06400000","0.00000000","0.00000000","0.00000000","0.06400000","serialId: 233ee7a34b327ee0832df3ba91261834;","-","","p_lmp","sp_lmp_tplm_postpay","v_lmp_tplm_postpay_kimi_k3","sv_lmp_tplm_postpay_kimi_k3_output","2084523750606258182","1","100001","","","","2026-08	"
"100048741014	","100048741014	","100048741014	","TokenHub","第三方大模型_后付费","按量计费","按量计费小时结","-	","20260803014116789061032	","","2026-08-03 15:03:46","2026-08-03 12:00:00","2026-08-03 12:59:59","kimi-k3","","-","apiKeyId:ak-20260629-132d9a7452713190701047fcf51cf2e8","默认项目","国内","华南地区（广州）","广州一区","Kimi K3","Kimi K3 Input","-","0.02000000","0.02000000","元/1000token/小时","23.12600000","1000token","1.00000000","小时","-","-","0.46252000","0.00000000","0.00000000","0.00000000","0.00000000","0.00000000","1.00000000","1.00000000","0.46252000","0.00000000","0.00000000","0.00000000","0.46252000","serialId: 8254d2055c97fb0e75adf1bdec4d3452;","-","","p_lmp","sp_lmp_tplm_postpay","v_lmp_tplm_postpay_kimi_k3","sv_lmp_tplm_postpay_kimi_k3_input","2084174954727219203","1","100001","","","","2026-08	"
"100048741014	","100048741014	","100048741014	","TokenHub","第三方大模型_后付费","按量计费","按量计费小时结","-	","20260803014116789061032	","","2026-08-03 15:03:46","2026-08-03 12:00:00","2026-08-03 12:59:59","kimi-k3","","-","apiKeyId:ak-20260629-132d9a7452713190701047fcf51cf2e8","默认项目","国内","华南地区（广州）","广州一区","Kimi K3","Kimi K3 Output","-","0.10000000","0.10000000","元/1000token/小时","2.32500000","1000token","1.00000000","小时","-","-","0.23250000","0.00000000","0.00000000","0.00000000","0.00000000","0.00000000","1.00000000","1.00000000","0.23250000","0.00000000","0.00000000","0.00000000","0.23250000","serialId: 233ee7a34b327ee0832df3ba91261834;","-","","p_lmp","sp_lmp_tplm_postpay","v_lmp_tplm_postpay_kimi_k3","sv_lmp_tplm_postpay_kimi_k3_output","2084174954727219204","1","100001","","","","2026-08	"
"100048741014	","100048741014	","100048741014	","TokenHub","第三方大模型_后付费","按量计费","按量计费小时结","-	","20260803014116789061032	","","2026-08-03 15:03:46","2026-08-03 12:00:00","2026-08-03 12:59:59","kimi-k3","","-","apiKeyId:ak-20260629-132d9a7452713190701047fcf51cf2e8","默认项目","国内","华南地区（广州）","广州一区","Kimi K3","Kimi K3 Cache","-","0.00200000","0.00200000","元/1000token/小时","48.43600000","1000token","1.00000000","小时","-","-","0.09687200","0.00000000","0.00000000","0.00000000","0.00000000","0.00000000","1.00000000","1.00000000","0.09687200","0.00000000","0.00000000","0.00000000","0.09687200","serialId: 893ca27ea9825066d991e332a28a7137;","-","","p_lmp","sp_lmp_tplm_postpay","v_lmp_tplm_postpay_kimi_k3","sv_lmp_tplm_postpay_kimi_k3_cache","2084174954727219202","1","100001","","","","2026-08	"
"100048741014	","100048741014	","100048741014	","TokenHub","第三方大模型_后付费","按量计费","按量计费小时结","-	","20260811014131024678402	","","2026-08-11 19:16:10","2026-08-11 16:00:00","2026-08-11 16:59:59","kimi-k3","","-","apiKeyId:ak-20260629-132d9a7452713190701047fcf51cf2e8","默认项目","国内","华南地区（广州）","广州一区","Kimi K3","Kimi K3 Cache","-","0.00200000","0.00200000","元/1000token/小时","0.22000000","1000token","1.00000000","小时","-","-","0.00044000","0.00000000","0.00000000","0.00000000","0.00000000","0.00000000","1.00000000","1.00000000","0.00044000","0.00000000","0.00000000","0.00000000","0.00044000","serialId: 893ca27ea9825066d991e332a28a7137;","-","","p_lmp","sp_lmp_tplm_postpay","v_lmp_tplm_postpay_kimi_k3","sv_lmp_tplm_postpay_kimi_k3_cache","2087137494260129797","1","100001","","","","2026-08	"
"100048741014	","100048741014	","100048741014	","TokenHub","第三方大模型_后付费","按量计费","按量计费小时结","-	","20260811014131024678402	","","2026-08-11 19:16:10","2026-08-11 16:00:00","2026-08-11 16:59:59","kimi-k3","","-","apiKeyId:ak-20260629-132d9a7452713190701047fcf51cf2e8","默认项目","国内","华南地区（广州）","广州一区","Kimi K3","Kimi K3 Input","-","0.02000000","0.02000000","元/1000token/小时","0.11000000","1000token","1.00000000","小时","-","-","0.00220000","0.00000000","0.00000000","0.00000000","0.00000000","0.00000000","1.00000000","1.00000000","0.00220000","0.00000000","0.00000000","0.00000000","0.00220000","serialId: 8254d2055c97fb0e75adf1bdec4d3452;","-","","p_lmp","sp_lmp_tplm_postpay","v_lmp_tplm_postpay_kimi_k3","sv_lmp_tplm_postpay_kimi_k3_input","2087137494260129798","1","100001","","","","2026-08	"
"100048741014	","100048741014	","100048741014	","TokenHub","第三方大模型_后付费","按量计费","按量计费小时结","-	","20260811014131024678402	","","2026-08-11 19:16:10","2026-08-11 16:00:00","2026-08-11 16:59:59","kimi-k3","","-","apiKeyId:ak-20260629-132d9a7452713190701047fcf51cf2e8","默认项目","国内","华南地区（广州）","广州一区","Kimi K3","Kimi K3 Output","-","0.10000000","0.10000000","元/1000token/小时","1.60600000","1000token","1.00000000","小时","-","-","0.16060000","0.00000000","0.00000000","0.00000000","0.00000000","0.00000000","1.00000000","1.00000000","0.16060000","0.00000000","0.00000000","0.00000000","0.16060000","serialId: 233ee7a34b327ee0832df3ba91261834;","-","","p_lmp","sp_lmp_tplm_postpay","v_lmp_tplm_postpay_kimi_k3","sv_lmp_tplm_postpay_kimi_k3_output","2087137494260129799","1","100001","","","","2026-08	"
"100048741014	","100048741014	","100048741014	","TokenHub","第三方大模型_后付费","按量计费","按量计费小时结","-	","20260814014136570872862	","","2026-08-14 23:13:56","2026-08-14 20:00:00","2026-08-14 20:59:59","kimi-k3","","-","apiKeyId:ak-20260629-132d9a7452713190701047fcf51cf2e8","默认项目","国内","华南地区（广州）","广州一区","Kimi K3","Kimi K3 Output","-","0.10000000","0.10000000","元/1000token/小时","20.12400000","1000token","1.00000000","小时","-","-","2.01240000","0.00000000","0.00000000","0.00000000","0.00000000","0.00000000","1.00000000","1.00000000","2.01240000","0.00000000","0.00000000","0.00000000","2.01240000","serialId: 233ee7a34b327ee0832df3ba91261834;","-","","p_lmp","sp_lmp_tplm_postpay","v_lmp_tplm_postpay_kimi_k3","sv_lmp_tplm_postpay_kimi_k3_output","2088284698240622596","1","100001","","","","2026-08	"
"100048741014	","100048741014	","100048741014	","TokenHub","第三方大模型_后付费","按量计费","按量计费小时结","-	","20260814014136500434362	","","2026-08-14 22:20:10","2026-08-14 19:00:00","2026-08-14 19:59:59","kimi-k3","","-","apiKeyId:ak-20260629-132d9a7452713190701047fcf51cf2e8","默认项目","国内","华南地区（广州）","广州一区","Kimi K3","Kimi K3 Cache","-","0.00200000","0.00200000","元/1000token/小时","8391.34600000","1000token","1.00000000","小时","-","-","16.78269200","0.00000000","0.00000000","0.00000000","0.00000000","0.00000000","1.00000000","1.00000000","16.78269200","0.00000000","0.00000000","0.00000000","16.78269200","serialId: 893ca27ea9825066d991e332a28a7137;","-","","p_lmp","sp_lmp_tplm_postpay","v_lmp_tplm_postpay_kimi_k3","sv_lmp_tplm_postpay_kimi_k3_cache","2088271134281445378","1","100001","","","","2026-08	"
"100048741014	","100048741014	","100048741014	","TokenHub","第三方大模型_后付费","按量计费","按量计费小时结","-	","20260814014136570872862	","","2026-08-14 23:13:56","2026-08-14 20:00:00","2026-08-14 20:59:59","kimi-k3","","-","apiKeyId:ak-20260629-132d9a7452713190701047fcf51cf2e8","默认项目","国内","华南地区（广州）","广州一区","Kimi K3","Kimi K3 Cache","-","0.00200000","0.00200000","元/1000token/小时","5895.50200000","1000token","1.00000000","小时","-","-","11.79100400","0.00000000","0.00000000","0.00000000","0.00000000","0.00000000","1.00000000","1.00000000","11.79100400","0.00000000","0.00000000","0.00000000","11.79100400","serialId: 893ca27ea9825066d991e332a28a7137;","-","","p_lmp","sp_lmp_tplm_postpay","v_lmp_tplm_postpay_kimi_k3","sv_lmp_tplm_postpay_kimi_k3_cache","2088284698240622594","1","100001","","","","2026-08	"
"100048741014	","100048741014	","100048741014	","TokenHub","第三方大模型_后付费","按量计费","按量计费小时结","-	","20260814014136500434362	","","2026-08-14 22:20:10","2026-08-14 19:00:00","2026-08-14 19:59:59","kimi-k3","","-","apiKeyId:ak-20260629-132d9a7452713190701047fcf51cf2e8","默认项目","国内","华南地区（广州）","广州一区","Kimi K3","Kimi K3 Input","-","0.02000000","0.02000000","元/1000token/小时","1890.93300000","1000token","1.00000000","小时","-","-","37.81866000","0.00000000","0.00000000","0.00000000","0.00000000","0.00000000","1.00000000","1.00000000","37.81866000","0.00000000","0.00000000","0.00000000","37.81866000","serialId: 8254d2055c97fb0e75adf1bdec4d3452;","-","","p_lmp","sp_lmp_tplm_postpay","v_lmp_tplm_postpay_kimi_k3","sv_lmp_tplm_postpay_kimi_k3_input","2088271134281445379","1","100001","","","","2026-08	"
"100048741014	","100048741014	","100048741014	","TokenHub","第三方大模型_后付费","按量计费","按量计费小时结","-	","20260814014136500434362	","","2026-08-14 22:20:10","2026-08-14 19:00:00","2026-08-14 19:59:59","kimi-k3","","-","apiKeyId:ak-20260629-132d9a7452713190701047fcf51cf2e8","默认项目","国内","华南地区（广州）","广州一区","Kimi K3","Kimi K3 Output","-","0.10000000","0.10000000","元/1000token/小时","20.32200000","1000token","1.00000000","小时","-","-","2.03220000","0.00000000","0.00000000","0.00000000","0.00000000","0.00000000","1.00000000","1.00000000","2.03220000","0.00000000","0.00000000","0.00000000","2.03220000","serialId: 233ee7a34b327ee0832df3ba91261834;","-","","p_lmp","sp_lmp_tplm_postpay","v_lmp_tplm_postpay_kimi_k3","sv_lmp_tplm_postpay_kimi_k3_output","2088271134281445380","1","100001","","","","2026-08	"
"100048741014	","100048741014	","100048741014	","TokenHub","第三方大模型_后付费","按量计费","按量计费小时结","-	","20260814014136423482632	","","2026-08-14 21:19:12","2026-08-14 18:00:00","2026-08-14 18:59:59","kimi-k3","","-","apiKeyId:ak-20260629-132d9a7452713190701047fcf51cf2e8","默认项目","国内","华南地区（广州）","广州一区","Kimi K3","Kimi K3 Cache","-","0.00200000","0.00200000","元/1000token/小时","5429.41300000","1000token","1.00000000","小时","-","-","10.85882600","0.00000000","0.00000000","0.00000000","0.00000000","0.00000000","1.00000000","1.00000000","10.85882600","0.00000000","0.00000000","0.00000000","10.85882600","serialId: 893ca27ea9825066d991e332a28a7137;","-","","p_lmp","sp_lmp_tplm_postpay","v_lmp_tplm_postpay_kimi_k3","sv_lmp_tplm_postpay_kimi_k3_cache","2088255663020449794","1","100001","","","","2026-08	"
"100048741014	","100048741014	","100048741014	","TokenHub","第三方大模型_后付费","按量计费","按量计费小时结","-	","20260814014136423482632	","","2026-08-14 21:19:12","2026-08-14 18:00:00","2026-08-14 18:59:59","kimi-k3","","-","apiKeyId:ak-20260629-132d9a7452713190701047fcf51cf2e8","默认项目","国内","华南地区（广州）","广州一区","Kimi K3","Kimi K3 Input","-","0.02000000","0.02000000","元/1000token/小时","1497.04100000","1000token","1.00000000","小时","-","-","29.94082000","0.00000000","0.00000000","0.00000000","0.00000000","0.00000000","1.00000000","1.00000000","29.94082000","0.00000000","0.00000000","0.00000000","29.94082000","serialId: 8254d2055c97fb0e75adf1bdec4d3452;","-","","p_lmp","sp_lmp_tplm_postpay","v_lmp_tplm_postpay_kimi_k3","sv_lmp_tplm_postpay_kimi_k3_input","2088255663020449795","1","100001","","","","2026-08	"
"100048741014	","100048741014	","100048741014	","TokenHub","第三方大模型_后付费","按量计费","按量计费小时结","-	","20260813014134402116442	","","2026-08-13 17:23:19","2026-08-13 14:00:00","2026-08-13 14:59:59","kimi-k3","","-","apiKeyId:ak-20260629-132d9a7452713190701047fcf51cf2e8","默认项目","国内","华南地区（广州）","广州一区","Kimi K3","Kimi K3 Cache","-","0.00200000","0.00200000","元/1000token/小时","0.09200000","1000token","1.00000000","小时","-","-","0.00018400","0.00000000","0.00000000","0.00000000","0.00000000","0.00000000","1.00000000","1.00000000","0.00018400","0.00000000","0.00000000","0.00000000","0.00018400","serialId: 893ca27ea9825066d991e332a28a7137;","-","","p_lmp","sp_lmp_tplm_postpay","v_lmp_tplm_postpay_kimi_k3","sv_lmp_tplm_postpay_kimi_k3_cache","2087834118883655682","1","100001","","","","2026-08	"
"100048741014	","100048741014	","100048741014	","TokenHub","第三方大模型_后付费","按量计费","按量计费小时结","-	","20260813014134402116442	","","2026-08-13 17:23:19","2026-08-13 14:00:00","2026-08-13 14:59:59","kimi-k3","","-","apiKeyId:ak-20260629-132d9a7452713190701047fcf51cf2e8","默认项目","国内","华南地区（广州）","广州一区","Kimi K3","Kimi K3 Input","-","0.02000000","0.02000000","元/1000token/小时","0.09200000","1000token","1.00000000","小时","-","-","0.00184000","0.00000000","0.00000000","0.00000000","0.00000000","0.00000000","1.00000000","1.00000000","0.00184000","0.00000000","0.00000000","0.00000000","0.00184000","serialId: 8254d2055c97fb0e75adf1bdec4d3452;","-","","p_lmp","sp_lmp_tplm_postpay","v_lmp_tplm_postpay_kimi_k3","sv_lmp_tplm_postpay_kimi_k3_input","2087834118883655683","1","100001","","","","2026-08	"
"100048741014	","100048741014	","100048741014	","TokenHub","第三方大模型_后付费","按量计费","按量计费小时结","-	","20260813014134402116442	","","2026-08-13 17:23:19","2026-08-13 14:00:00","2026-08-13 14:59:59","kimi-k3","","-","apiKeyId:ak-20260629-132d9a7452713190701047fcf51cf2e8","默认项目","国内","华南地区（广州）","广州一区","Kimi K3","Kimi K3 Output","-","0.10000000","0.10000000","元/1000token/小时","0.10800000","1000token","1.00000000","小时","-","-","0.01080000","0.00000000","0.00000000","0.00000000","0.00000000","0.00000000","1.00000000","1.00000000","0.01080000","0.00000000","0.00000000","0.00000000","0.01080000","serialId: 233ee7a34b327ee0832df3ba91261834;","-","","p_lmp","sp_lmp_tplm_postpay","v_lmp_tplm_postpay_kimi_k3","sv_lmp_tplm_postpay_kimi_k3_output","2087834118883655684","1","100001","","","","2026-08	"
"100048741014	","100048741014	","100048741014	","TokenHub","第三方大模型_后付费","按量计费","按量计费小时结","-	","20260814014136570872862	","","2026-08-14 23:13:56","2026-08-14 20:00:00","2026-08-14 20:59:59","kimi-k3","","-","apiKeyId:ak-20260629-132d9a7452713190701047fcf51cf2e8","默认项目","国内","华南地区（广州）","广州一区","Kimi K3","Kimi K3 Input","-","0.02000000","0.02000000","元/1000token/小时","1424.20800000","1000token","1.00000000","小时","-","-","28.48416000","0.00000000","0.00000000","0.00000000","0.00000000","0.00000000","1.00000000","1.00000000","28.48416000","0.00000000","0.00000000","0.00000000","28.48416000","serialId: 8254d2055c97fb0e75adf1bdec4d3452;","-","","p_lmp","sp_lmp_tplm_postpay","v_lmp_tplm_postpay_kimi_k3","sv_lmp_tplm_postpay_kimi_k3_input","2088284698240622595","1","100001","","","","2026-08	"
"100048741014	","100048741014	","100048741014	","TokenHub","第三方大模型_后付费","按量计费","按量计费小时结","-	","20260814014136423482632	","","2026-08-14 21:19:12","2026-08-14 18:00:00","2026-08-14 18:59:59","kimi-k3","","-","apiKeyId:ak-20260629-132d9a7452713190701047fcf51cf2e8","默认项目","国内","华南地区（广州）","广州一区","Kimi K3","Kimi K3 Output","-","0.10000000","0.10000000","元/1000token/小时","17.83700000","1000token","1.00000000","小时","-","-","1.78370000","0.00000000","0.00000000","0.00000000","0.00000000","0.00000000","1.00000000","1.00000000","1.78370000","0.00000000","0.00000000","0.00000000","1.78370000","serialId: 233ee7a34b327ee0832df3ba91261834;","-","","p_lmp","sp_lmp_tplm_postpay","v_lmp_tplm_postpay_kimi_k3","sv_lmp_tplm_postpay_kimi_k3_output","2088255663020449796","1","100001","","","","2026-08	"
"100048741014	","100048741014	","100048741014	","TokenHub","第三方大模型_后付费","按量计费","按量计费小时结","-	","20260819014144917975802	","","2026-08-19 17:15:40","2026-08-19 14:00:00","2026-08-19 14:59:59","kimi-k3","","-","apiKeyId:ak-20260629-132d9a7452713190701047fcf51cf2e8","默认项目","国内","华南地区（广州）","广州一区","Kimi K3","Kimi K3 Output","-","0.10000000","0.10000000","元/1000token/小时","11.21300000","1000token","1.00000000","小时","-","-","1.12130000","0.00000000","0.00000000","0.00000000","0.00000000","0.00000000","1.00000000","1.00000000","1.12130000","0.00000000","0.00000000","0.00000000","1.12130000","serialId: 233ee7a34b327ee0832df3ba91261834;","-","","p_lmp","sp_lmp_tplm_postpay","v_lmp_tplm_postpay_kimi_k3","sv_lmp_tplm_postpay_kimi_k3_output","2090006212870553604","1","100001","","","","2026-08	"
"100048741014	","100048741014	","100048741014	","TokenHub","第三方大模型_后付费","按量计费","按量计费小时结","-	","20260818014143317718592	","","2026-08-18 19:23:08","2026-08-18 16:00:00","2026-08-18 16:59:59","kimi-k3","","-","apiKeyId:ak-20260629-132d9a7452713190701047fcf51cf2e8","默认项目","国内","华南地区（广州）","广州一区","Kimi K3","Kimi K3 Output","-","0.10000000","0.10000000","元/1000token/小时","4.44900000","1000token","1.00000000","小时","-","-","0.44490000","0.00000000","0.00000000","0.00000000","0.00000000","0.00000000","1.00000000","1.00000000","0.44490000","0.00000000","0.00000000","0.00000000","0.44490000","serialId: 233ee7a34b327ee0832df3ba91261834;","-","","p_lmp","sp_lmp_tplm_postpay","v_lmp_tplm_postpay_kimi_k3","sv_lmp_tplm_postpay_kimi_k3_output","2089676229363245060","1","100001","","","","2026-08	"
"100048741014	","100048741014	","100048741014	","TokenHub","第三方大模型_后付费","按量计费","按量计费小时结","-	","20260818014143317718592	","","2026-08-18 19:23:08","2026-08-18 16:00:00","2026-08-18 16:59:59","kimi-k3","","-","apiKeyId:ak-20260629-132d9a7452713190701047fcf51cf2e8","默认项目","国内","华南地区（广州）","广州一区","Kimi K3","Kimi K3 Input","-","0.02000000","0.02000000","元/1000token/小时","314.88600000","1000token","1.00000000","小时","-","-","6.29772000","0.00000000","0.00000000","0.00000000","0.00000000","0.00000000","1.00000000","1.00000000","6.29772000","0.00000000","0.00000000","0.00000000","6.29772000","serialId: 8254d2055c97fb0e75adf1bdec4d3452;","-","","p_lmp","sp_lmp_tplm_postpay","v_lmp_tplm_postpay_kimi_k3","sv_lmp_tplm_postpay_kimi_k3_input","2089676229363245059","1","100001","","","","2026-08	"
"100048741014	","100048741014	","100048741014	","TokenHub","第三方大模型_后付费","按量计费","按量计费小时结","-	","20260818014143317718592	","","2026-08-18 19:23:08","2026-08-18 16:00:00","2026-08-18 16:59:59","kimi-k3","","-","apiKeyId:ak-20260629-132d9a7452713190701047fcf51cf2e8","默认项目","国内","华南地区（广州）","广州一区","Kimi K3","Kimi K3 Cache","-","0.00200000","0.00200000","元/1000token/小时","1495.78900000","1000token","1.00000000","小时","-","-","2.99157800","0.00000000","0.00000000","0.00000000","0.00000000","0.00000000","1.00000000","1.00000000","2.99157800","0.00000000","0.00000000","0.00000000","2.99157800","serialId: 893ca27ea9825066d991e332a28a7137;","-","","p_lmp","sp_lmp_tplm_postpay","v_lmp_tplm_postpay_kimi_k3","sv_lmp_tplm_postpay_kimi_k3_cache","2089676229363245058","1","100001","","","","2026-08	"
"100048741014	","100048741014	","100048741014	","TokenHub","第三方大模型_后付费","按量计费","按量计费小时结","-	","20260819014144853554502	","","2026-08-19 16:20:33","2026-08-19 13:00:00","2026-08-19 13:59:59","kimi-k3","","-","apiKeyId:ak-20260629-132d9a7452713190701047fcf51cf2e8","默认项目","国内","华南地区（广州）","广州一区","Kimi K3","Kimi K3 Output","-","0.10000000","0.10000000","元/1000token/小时","9.03700000","1000token","1.00000000","小时","-","-","0.90370000","0.00000000","0.00000000","0.00000000","0.00000000","0.00000000","1.00000000","1.00000000","0.90370000","0.00000000","0.00000000","0.00000000","0.90370000","serialId: 233ee7a34b327ee0832df3ba91261834;","-","","p_lmp","sp_lmp_tplm_postpay","v_lmp_tplm_postpay_kimi_k3","sv_lmp_tplm_postpay_kimi_k3_output","2089992634558070788","1","100001","","","","2026-08	"
"100048741014	","100048741014	","100048741014	","TokenHub","第三方大模型_后付费","按量计费","按量计费小时结","-	","20260818014143395272952	","","2026-08-18 20:25:25","2026-08-18 17:00:00","2026-08-18 17:59:59","kimi-k3","","-","apiKeyId:ak-20260629-132d9a7452713190701047fcf51cf2e8","默认项目","国内","华南地区（广州）","广州一区","Kimi K3","Kimi K3 Cache","-","0.00200000","0.00200000","元/1000token/小时","15.25800000","1000token","1.00000000","小时","-","-","0.03051600","0.00000000","0.00000000","0.00000000","0.00000000","0.00000000","1.00000000","1.00000000","0.03051600","0.00000000","0.00000000","0.00000000","0.03051600","serialId: 893ca27ea9825066d991e332a28a7137;","-","","p_lmp","sp_lmp_tplm_postpay","v_lmp_tplm_postpay_kimi_k3","sv_lmp_tplm_postpay_kimi_k3_cache","2089691940214947844","1","100001","","","","2026-08	"
"100048741014	","100048741014	","100048741014	","TokenHub","第三方大模型_后付费","按量计费","按量计费小时结","-	","20260819014144853554502	","","2026-08-19 16:20:33","2026-08-19 13:00:00","2026-08-19 13:59:59","kimi-k3","","-","apiKeyId:ak-20260629-132d9a7452713190701047fcf51cf2e8","默认项目","国内","华南地区（广州）","广州一区","Kimi K3","Kimi K3 Input","-","0.02000000","0.02000000","元/1000token/小时","582.60700000","1000token","1.00000000","小时","-","-","11.65214000","0.00000000","0.00000000","0.00000000","0.00000000","0.00000000","1.00000000","1.00000000","11.65214000","0.00000000","0.00000000","0.00000000","11.65214000","serialId: 8254d2055c97fb0e75adf1bdec4d3452;","-","","p_lmp","sp_lmp_tplm_postpay","v_lmp_tplm_postpay_kimi_k3","sv_lmp_tplm_postpay_kimi_k3_input","2089992634558070787","1","100001","","","","2026-08	"
"100048741014	","100048741014	","100048741014	","TokenHub","第三方大模型_后付费","按量计费","按量计费小时结","-	","20260819014144853554502	","","2026-08-19 16:20:33","2026-08-19 13:00:00","2026-08-19 13:59:59","kimi-k3","","-","apiKeyId:ak-20260629-132d9a7452713190701047fcf51cf2e8","默认项目","国内","华南地区（广州）","广州一区","Kimi K3","Kimi K3 Cache","-","0.00200000","0.00200000","元/1000token/小时","1117.04300000","1000token","1.00000000","小时","-","-","2.23408600","0.00000000","0.00000000","0.00000000","0.00000000","0.00000000","1.00000000","1.00000000","2.23408600","0.00000000","0.00000000","0.00000000","2.23408600","serialId: 893ca27ea9825066d991e332a28a7137;","-","","p_lmp","sp_lmp_tplm_postpay","v_lmp_tplm_postpay_kimi_k3","sv_lmp_tplm_postpay_kimi_k3_cache","2089992634558070786","1","100001","","","","2026-08	"
"100048741014	","100048741014	","100048741014	","TokenHub","第三方大模型_后付费","按量计费","按量计费小时结","-	","20260818014143442578562	","","2026-08-18 21:09:29","2026-08-18 18:00:00","2026-08-18 18:59:59","kimi-k3","","-","apiKeyId:ak-20260629-132d9a7452713190701047fcf51cf2e8","默认项目","国内","华南地区（广州）","广州一区","Kimi K3","Kimi K3 Output","-","0.10000000","0.10000000","元/1000token/小时","0.65600000","1000token","1.00000000","小时","-","-","0.06560000","0.00000000","0.00000000","0.00000000","0.00000000","0.00000000","1.00000000","1.00000000","0.06560000","0.00000000","0.00000000","0.00000000","0.06560000","serialId: 233ee7a34b327ee0832df3ba91261834;","-","","p_lmp","sp_lmp_tplm_postpay","v_lmp_tplm_postpay_kimi_k3","sv_lmp_tplm_postpay_kimi_k3_output","2089702722713952260","1","100001","","","","2026-08	"
"100048741014	","100048741014	","100048741014	","TokenHub","第三方大模型_后付费","按量计费","按量计费小时结","-	","20260818014143395272952	","","2026-08-18 20:25:25","2026-08-18 17:00:00","2026-08-18 17:59:59","kimi-k3","","-","apiKeyId:ak-20260629-132d9a7452713190701047fcf51cf2e8","默认项目","国内","华南地区（广州）","广州一区","Kimi K3","Kimi K3 Input","-","0.02000000","0.02000000","元/1000token/小时","2.86700000","1000token","1.00000000","小时","-","-","0.05734000","0.00000000","0.00000000","0.00000000","0.00000000","0.00000000","1.00000000","1.00000000","0.05734000","0.00000000","0.00000000","0.00000000","0.05734000","serialId: 8254d2055c97fb0e75adf1bdec4d3452;","-","","p_lmp","sp_lmp_tplm_postpay","v_lmp_tplm_postpay_kimi_k3","sv_lmp_tplm_postpay_kimi_k3_input","2089691940214947845","1","100001","","","","2026-08	"
"100048741014	","100048741014	","100048741014	","TokenHub","第三方大模型_后付费","按量计费","按量计费小时结","-	","20260818014143225618352	","","2026-08-18 18:09:30","2026-08-18 15:00:00","2026-08-18 15:59:59","kimi-k3","","-","apiKeyId:ak-20260629-132d9a7452713190701047fcf51cf2e8","默认项目","国内","华南地区（广州）","广州一区","Kimi K3","Kimi K3 Input","-","0.02000000","0.02000000","元/1000token/小时","2362.30000000","1000token","1.00000000","小时","-","-","47.24600000","0.00000000","0.00000000","0.00000000","0.00000000","0.00000000","1.00000000","1.00000000","47.24600000","0.00000000","0.00000000","0.00000000","47.24600000","serialId: 8254d2055c97fb0e75adf1bdec4d3452;","-","","p_lmp","sp_lmp_tplm_postpay","v_lmp_tplm_postpay_kimi_k3","sv_lmp_tplm_postpay_kimi_k3_input","2089657414974062594","1","100001","","","","2026-08	"
"100048741014	","100048741014	","100048741014	","TokenHub","第三方大模型_后付费","按量计费","按量计费小时结","-	","20260818014143395272952	","","2026-08-18 20:25:25","2026-08-18 17:00:00","2026-08-18 17:59:59","kimi-k3","","-","apiKeyId:ak-20260629-132d9a7452713190701047fcf51cf2e8","默认项目","国内","华南地区（广州）","广州一区","Kimi K3","Kimi K3 Output","-","0.10000000","0.10000000","元/1000token/小时","1.10600000","1000token","1.00000000","小时","-","-","0.11060000","0.00000000","0.00000000","0.00000000","0.00000000","0.00000000","1.00000000","1.00000000","0.11060000","0.00000000","0.00000000","0.00000000","0.11060000","serialId: 233ee7a34b327ee0832df3ba91261834;","-","","p_lmp","sp_lmp_tplm_postpay","v_lmp_tplm_postpay_kimi_k3","sv_lmp_tplm_postpay_kimi_k3_output","2089691940214947846","1","100001","","","","2026-08	"
"100048741014	","100048741014	","100048741014	","TokenHub","第三方大模型_后付费","按量计费","按量计费小时结","-	","20260819014144917975802	","","2026-08-19 17:15:40","2026-08-19 14:00:00","2026-08-19 14:59:59","kimi-k3","","-","apiKeyId:ak-20260629-132d9a7452713190701047fcf51cf2e8","默认项目","国内","华南地区（广州）","广州一区","Kimi K3","Kimi K3 Input","-","0.02000000","0.02000000","元/1000token/小时","331.28800000","1000token","1.00000000","小时","-","-","6.62576000","0.00000000","0.00000000","0.00000000","0.00000000","0.00000000","1.00000000","1.00000000","6.62576000","0.00000000","0.00000000","0.00000000","6.62576000","serialId: 8254d2055c97fb0e75adf1bdec4d3452;","-","","p_lmp","sp_lmp_tplm_postpay","v_lmp_tplm_postpay_kimi_k3","sv_lmp_tplm_postpay_kimi_k3_input","2090006212870553603","1","100001","","","","2026-08	"
"100048741014	","100048741014	","100048741014	","TokenHub","第三方大模型_后付费","按量计费","按量计费小时结","-	","20260819014144917975802	","","2026-08-19 17:15:40","2026-08-19 14:00:00","2026-08-19 14:59:59","kimi-k3","","-","apiKeyId:ak-20260629-132d9a7452713190701047fcf51cf2e8","默认项目","国内","华南地区（广州）","广州一区","Kimi K3","Kimi K3 Cache","-","0.00200000","0.00200000","元/1000token/小时","600.05500000","1000token","1.00000000","小时","-","-","1.20011000","0.00000000","0.00000000","0.00000000","0.00000000","0.00000000","1.00000000","1.00000000","1.20011000","0.00000000","0.00000000","0.00000000","1.20011000","serialId: 893ca27ea9825066d991e332a28a7137;","-","","p_lmp","sp_lmp_tplm_postpay","v_lmp_tplm_postpay_kimi_k3","sv_lmp_tplm_postpay_kimi_k3_cache","2090006212870553602","1","100001","","","","2026-08	"
"100048741014	","100048741014	","100048741014	","TokenHub","第三方大模型_后付费","按量计费","按量计费小时结","-	","20260819014144988761462	","","2026-08-19 18:15:32","2026-08-19 15:00:00","2026-08-19 15:59:59","kimi-k3","","-","apiKeyId:ak-20260629-132d9a7452713190701047fcf51cf2e8","默认项目","国内","华南地区（广州）","广州一区","Kimi K3","Kimi K3 Cache","-","0.00200000","0.00200000","元/1000token/小时","247.39400000","1000token","1.00000000","小时","-","-","0.49478800","0.00000000","0.00000000","0.00000000","0.00000000","0.00000000","1.00000000","1.00000000","0.49478800","0.00000000","0.00000000","0.00000000","0.49478800","serialId: 893ca27ea9825066d991e332a28a7137;","-","","p_lmp","sp_lmp_tplm_postpay","v_lmp_tplm_postpay_kimi_k3","sv_lmp_tplm_postpay_kimi_k3_cache","2090021323354415106","1","100001","","","","2026-08	"
"100048741014	","100048741014	","100048741014	","TokenHub","第三方大模型_后付费","按量计费","按量计费小时结","-	","20260819014145059458092	","","2026-08-19 19:15:35","2026-08-19 16:00:00","2026-08-19 16:59:59","kimi-k3","","-","apiKeyId:ak-20260629-132d9a7452713190701047fcf51cf2e8","默认项目","国内","华南地区（广州）","广州一区","Kimi K3","Kimi K3 Cache","-","0.00200000","0.00200000","元/1000token/小时","0.08900000","1000token","1.00000000","小时","-","-","0.00017800","0.00000000","0.00000000","0.00000000","0.00000000","0.00000000","1.00000000","1.00000000","0.00017800","0.00000000","0.00000000","0.00000000","0.00017800","serialId: 893ca27ea9825066d991e332a28a7137;","-","","p_lmp","sp_lmp_tplm_postpay","v_lmp_tplm_postpay_kimi_k3","sv_lmp_tplm_postpay_kimi_k3_cache","2090036413982457863","1","100001","","","","2026-08	"
"100048741014	","100048741014	","100048741014	","TokenHub","第三方大模型_后付费","按量计费","按量计费小时结","-	","20260818014143442578562	","","2026-08-18 21:09:29","2026-08-18 18:00:00","2026-08-18 18:59:59","kimi-k3","","-","apiKeyId:ak-20260629-132d9a7452713190701047fcf51cf2e8","默认项目","国内","华南地区（广州）","广州一区","Kimi K3","Kimi K3 Input","-","0.02000000","0.02000000","元/1000token/小时","3.20200000","1000token","1.00000000","小时","-","-","0.06404000","0.00000000","0.00000000","0.00000000","0.00000000","0.00000000","1.00000000","1.00000000","0.06404000","0.00000000","0.00000000","0.00000000","0.06404000","serialId: 8254d2055c97fb0e75adf1bdec4d3452;","-","","p_lmp","sp_lmp_tplm_postpay","v_lmp_tplm_postpay_kimi_k3","sv_lmp_tplm_postpay_kimi_k3_input","2089702722713952259","1","100001","","","","2026-08	"
"100048741014	","100048741014	","100048741014	","TokenHub","第三方大模型_后付费","按量计费","按量计费小时结","-	","20260818014143442578562	","","2026-08-18 21:09:29","2026-08-18 18:00:00","2026-08-18 18:59:59","kimi-k3","","-","apiKeyId:ak-20260629-132d9a7452713190701047fcf51cf2e8","默认项目","国内","华南地区（广州）","广州一区","Kimi K3","Kimi K3 Cache","-","0.00200000","0.00200000","元/1000token/小时","16.10800000","1000token","1.00000000","小时","-","-","0.03221600","0.00000000","0.00000000","0.00000000","0.00000000","0.00000000","1.00000000","1.00000000","0.03221600","0.00000000","0.00000000","0.00000000","0.03221600","serialId: 893ca27ea9825066d991e332a28a7137;","-","","p_lmp","sp_lmp_tplm_postpay","v_lmp_tplm_postpay_kimi_k3","sv_lmp_tplm_postpay_kimi_k3_cache","2089702722713952258","1","100001","","","","2026-08	"
"100048741014	","100048741014	","100048741014	","TokenHub","第三方大模型_后付费","按量计费","按量计费小时结","-	","20260819014145059458092	","","2026-08-19 19:15:35","2026-08-19 16:00:00","2026-08-19 16:59:59","kimi-k3","","-","apiKeyId:ak-20260629-132d9a7452713190701047fcf51cf2e8","默认项目","国内","华南地区（广州）","广州一区","Kimi K3","Kimi K3 Input","-","0.02000000","0.02000000","元/1000token/小时","0.02000000","1000token","1.00000000","小时","-","-","0.00040000","0.00000000","0.00000000","0.00000000","0.00000000","0.00000000","1.00000000","1.00000000","0.00040000","0.00000000","0.00000000","0.00000000","0.00040000","serialId: 8254d2055c97fb0e75adf1bdec4d3452;","-","","p_lmp","sp_lmp_tplm_postpay","v_lmp_tplm_postpay_kimi_k3","sv_lmp_tplm_postpay_kimi_k3_input","2090036413982457864","1","100001","","","","2026-08	"
"100048741014	","100048741014	","100048741014	","TokenHub","第三方大模型_后付费","按量计费","按量计费小时结","-	","20260819014144988761462	","","2026-08-19 18:15:32","2026-08-19 15:00:00","2026-08-19 15:59:59","kimi-k3","","-","apiKeyId:ak-20260629-132d9a7452713190701047fcf51cf2e8","默认项目","国内","华南地区（广州）","广州一区","Kimi K3","Kimi K3 Input","-","0.02000000","0.02000000","元/1000token/小时","489.40400000","1000token","1.00000000","小时","-","-","9.78808000","0.00000000","0.00000000","0.00000000","0.00000000","0.00000000","1.00000000","1.00000000","9.78808000","0.00000000","0.00000000","0.00000000","9.78808000","serialId: 8254d2055c97fb0e75adf1bdec4d3452;","-","","p_lmp","sp_lmp_tplm_postpay","v_lmp_tplm_postpay_kimi_k3","sv_lmp_tplm_postpay_kimi_k3_input","2090021323354415107","1","100001","","","","2026-08	"
"100048741014	","100048741014	","100048741014	","TokenHub","第三方大模型_后付费","按量计费","按量计费小时结","-	","20260819014144988761462	","","2026-08-19 18:15:32","2026-08-19 15:00:00","2026-08-19 15:59:59","kimi-k3","","-","apiKeyId:ak-20260629-132d9a7452713190701047fcf51cf2e8","默认项目","国内","华南地区（广州）","广州一区","Kimi K3","Kimi K3 Output","-","0.10000000","0.10000000","元/1000token/小时","2.73600000","1000token","1.00000000","小时","-","-","0.27360000","0.00000000","0.00000000","0.00000000","0.00000000","0.00000000","1.00000000","1.00000000","0.27360000","0.00000000","0.00000000","0.00000000","0.27360000","serialId: 233ee7a34b327ee0832df3ba91261834;","-","","p_lmp","sp_lmp_tplm_postpay","v_lmp_tplm_postpay_kimi_k3","sv_lmp_tplm_postpay_kimi_k3_output","2090021323354415108","1","100001","","","","2026-08	"
"100048741014	","100048741014	","100048741014	","TokenHub","第三方大模型_后付费","按量计费","按量计费小时结","-	","20260819014145059458092	","","2026-08-19 19:15:35","2026-08-19 16:00:00","2026-08-19 16:59:59","kimi-k3","","-","apiKeyId:ak-20260629-132d9a7452713190701047fcf51cf2e8","默认项目","国内","华南地区（广州）","广州一区","Kimi K3","Kimi K3 Output","-","0.10000000","0.10000000","元/1000token/小时","0.54100000","1000token","1.00000000","小时","-","-","0.05410000","0.00000000","0.00000000","0.00000000","0.00000000","0.00000000","1.00000000","1.00000000","0.05410000","0.00000000","0.00000000","0.00000000","0.05410000","serialId: 233ee7a34b327ee0832df3ba91261834;","-","","p_lmp","sp_lmp_tplm_postpay","v_lmp_tplm_postpay_kimi_k3","sv_lmp_tplm_postpay_kimi_k3_output","2090036413982457865","1","100001","","","","2026-08	"
